Gauge,Trace,Alarm Name,Type,Threshold
ACC - Rain -Waiatarua Rainfall,Rainfall (primary),Data Recency (derived from telemeteredMaximumTime),Recency,9.73
ACC - Rain -Waiatarua Rainfall,Rainfall 7 days window sum,648825_threshold_alarm,Overflow/Max,180.0
ACC - Rain -Waiatarua Rainfall,10mm Drought Alarm,648825_10mm Drought Alarm,Overflow/Max,0.99
ACC - Rain -Waiatarua Rainfall,Rainfall 30 min window sum,648825_threshold_alarm_15mm,Overflow/Max,15.0
ACC - Rain -Waiatarua Rainfall,Rainfall 6 hr window sum,648825_threshold_alarm,Overflow/Max,50.0
ACC - Rain -Waiatarua Rainfall,Rainfall 12 hr window sum,648825_threshold_alarm,Overflow/Max,70.0
ACC - Rain -Waiatarua Rainfall,Rainfall 60 min window sum - Mirror,1 hour Accumulated Threshold,Overflow/Max,15.0
ACC - Rain -Waiatarua Rainfall,Rainfall 24 hr window sum,648825_threshold_alarm,Overflow/Max,100.0
ACC - Rain -Waiatarua Rainfall,Rainfall 60 min window sum,648825_threshold_alarm,Overflow/Max,25.0
ACC - Rain -Waiatarua Rainfall,Max TP108 ARI,ARI Max Threshold,Overflow/Max,5.0
ACC - Rain -Waiatarua Rainfall,Rainfall 30 second window sum,2.5 mm,Overflow/Max,2.49
ACC - Rain -Whenuapai @ Airbase,Rainfall (primary),Data Recency (derived from telemeteredMaximumTime),Recency,9.73
ACC - Rain -Whenuapai @ Airbase,Rainfall 7 days window sum,647601_threshold_alarm,Overflow/Max,180.0
ACC - Rain -Whenuapai @ Airbase,10mm Drought Alarm,647601_10mm Drought Alarm,Overflow/Max,0.99
ACC - Rain -Whenuapai @ Airbase,Rainfall 6 hr window sum,647601_threshold_alarm,Overflow/Max,50.0
ACC - Rain -Whenuapai @ Airbase,Rainfall 60 min window sum - Mirror,1 hour Accumulated Threshold,Overflow/Max,15.0
ACC - Rain -Whenuapai @ Airbase,Rainfall 24 hr window sum,647601_threshold_alarm,Overflow/Max,100.0
ACC - Rain -Whenuapai @ Airbase,Rainfall 60 min window sum,647601_threshold_alarm,Overflow/Max,25.0
ACC - Rain -Whenuapai @ Airbase,Rainfall 30 min window sum,647601_threshold_alarm_15mm,Overflow/Max,15.0
ACC - Rain -Whenuapai @ Airbase,Rainfall 12 hr window sum,647601_threshold_alarm,Overflow/Max,70.0
ACC - Rain -Whenuapai @ Airbase,Rainfall 30 second window sum,2.5 mm,Overflow/Max,2.49
ACC - Rain -Whenuapai @ Airbase,Max TP108 ARI,ARI Max Threshold,Overflow/Max,5.0
ACC - Rain -Whau @ Mt Roskill Substn Rainfall,Rainfall (primary),Data Recency (derived from telemeteredMaximumTime),Recency,9.56
ACC - Rain -Whau @ Mt Roskill Substn Rainfall,10mm Drought Alarm,649713_10mm Drought Alarm,Overflow/Max,0.99
ACC - Rain -Whau @ Mt Roskill Substn Rainfall,Max TP108 ARI,ARI Max Threshold,Overflow/Max,5.0
ACC - Rain -Whau @ Mt Roskill Substn Rainfall,Rainfall 7 days window sum,649713_threshold_alarm,Overflow/Max,180.0
ACC - Rain -Whau @ Mt Roskill Substn Rainfall,Rainfall 60 min window sum - Mirror,1 hour Accumulated Threshold,Overflow/Max,15.0
ACC - Rain -Whau @ Mt Roskill Substn Rainfall,Rainfall 60 min window sum,649713_threshold_alarm,Overflow/Max,25.0
ACC - Rain -Whau @ Mt Roskill Substn Rainfall,Rainfall 24 hr window sum,649713_threshold_alarm,Overflow/Max,100.0
ACC - Rain -Whau @ Mt Roskill Substn Rainfall,Rainfall 30 second window sum,2.5 mm,Overflow/Max,2.49
ACC - Rain -Whau @ Mt Roskill Substn Rainfall,Rainfall 12 hr window sum,649713_threshold_alarm,Overflow/Max,70.0
ACC - Rain -Whau @ Mt Roskill Substn Rainfall,Rainfall 30 min window sum,649713_threshold_alarm_15mm,Overflow/Max,15.0
ACC - Rain -Whau @ Mt Roskill Substn Rainfall,Rainfall 6 hr window sum,649713_threshold_alarm,Overflow/Max,50.0
ACC - Rain -Whangamaire @ Culvert,Rainfall (primary),Data Recency (derived from telemeteredMaximumTime),Recency,9.73
ACC - Rain -Whangamaire @ Culvert,10mm Drought Alarm,741813_10mm Drought Alarm,Overflow/Max,0.99
ACC - Rain -Whangamaire @ Culvert,Rainfall 60 min window sum - Mirror,1 hour Accumulated Threshold,Overflow/Max,15.0
ACC - Rain -Whangamaire @ Culvert,Rainfall 7 days window sum,741813_threshold_alarm,Overflow/Max,180.0
ACC - Rain -Whangamaire @ Culvert,Rainfall 24 hr window sum,741813_threshold_alarm,Overflow/Max,100.0
ACC - Rain -Whangamaire @ Culvert,Rainfall 30 min window sum,741813_threshold_alarm_15mm,Overflow/Max,15.0
ACC - Rain -Whangamaire @ Culvert,Rainfall 6 hr window sum,741813_threshold_alarm,Overflow/Max,50.0
ACC - Rain -Whangamaire @ Culvert,Max TP108 ARI,ARI Max Threshold,Overflow/Max,5.0
ACC - Rain -Whangamaire @ Culvert,Rainfall 60 min window sum,741813_threshold_alarm,Overflow/Max,25.0
ACC - Rain -Whangamaire @ Culvert,Rainfall 12 hr window sum,741813_threshold_alarm,Overflow/Max,70.0
ACC - Rain -Whangamaire @ Culvert,Rainfall 30 second window sum,2.5 mm,Overflow/Max,2.49
ACC - Rain -Waiuku Rain @ Waiuku-Otaua Rd,Rainfall (primary),Data Recency (derived from telemeteredMaximumTime),Recency,9.73
ACC - Rain -Waiuku Rain @ Waiuku-Otaua Rd,10mm Drought Alarm,742739_10mm Drought Alarm,Overflow/Max,0.99
ACC - Rain -Waiuku Rain @ Waiuku-Otaua Rd,Rainfall 7 days window sum,742739_threshold_alarm,Overflow/Max,180.0
ACC - Rain -Waiuku Rain @ Waiuku-Otaua Rd,Rainfall 60 min window sum,742739_threshold_alarm,Overflow/Max,25.0
ACC - Rain -Waiuku Rain @ Waiuku-Otaua Rd,Max TP108 ARI,ARI Max Threshold,Overflow/Max,5.0
ACC - Rain -Waiuku Rain @ Waiuku-Otaua Rd,Rainfall 30 min window sum,742739_threshold_alarm_15mm,Overflow/Max,15.0
ACC - Rain -Waiuku Rain @ Waiuku-Otaua Rd,Rainfall 6 hr window sum,742739_threshold_alarm,Overflow/Max,50.0
ACC - Rain -Waiuku Rain @ Waiuku-Otaua Rd,Rainfall 30 second window sum,2.5 mm,Overflow/Max,2.49
ACC - Rain -Waiuku Rain @ Waiuku-Otaua Rd,Rainfall 24 hr window sum,742739_threshold_alarm,Overflow/Max,100.0
ACC - Rain -Waiuku Rain @ Waiuku-Otaua Rd,Rainfall 12 hr window sum,742739_threshold_alarm,Overflow/Max,70.0
ACC - Rain -Waiuku Rain @ Waiuku-Otaua Rd,Rainfall 60 min window sum - Mirror,1 hour Accumulated Threshold,Overflow/Max,15.0
ACC - Rain -Waitangi @ Diver Road,Rainfall (primary),Data Recency (derived from telemeteredMaximumTime),Recency,9.73
ACC - Rain -Waitangi @ Diver Road,10mm Drought Alarm,742736_10mm Drought Alarm,Overflow/Max,0.99
ACC - Rain -Waitangi @ Diver Road,Rainfall 60 min window sum,742736_threshold_alarm_15mm,Overflow/Max,25.0
ACC - Rain -Waitangi @ Diver Road,Rainfall 7 days window sum,742736_threshold_alarm,Overflow/Max,180.0
ACC - Rain -Waitangi @ Diver Road,Rainfall 24 hr window sum,742736_threshold_alarm,Overflow/Max,100.0
ACC - Rain -Waitangi @ Diver Road,Rainfall 6 hr window sum,742736_threshold_alarm,Overflow/Max,50.0
ACC - Rain -Waitangi @ Diver Road,Rainfall 60 min window sum - Mirror,1 hour Accumulated Threshold,Overflow/Max,15.0
ACC - Rain -Waitangi @ Diver Road,Rainfall 30 second window sum,2.5 mm,Overflow/Max,2.49
ACC - Rain -Waitangi @ Diver Road,Rainfall 12 hr window sum,742736_threshold_alarm,Overflow/Max,70.0
ACC - Rain -Waitangi @ Diver Road,Max TP108 ARI,ARI Max Threshold,Overflow/Max,5.0
ACC - Rain -Waitangi @ Diver Road,Rainfall 30 min window sum,742736_threshold_alarm_15mm,Overflow/Max,15.0
ACC - Rain -Wairoa @ Hunua Nursery/Bowling Club,Rainfall (primary),Data Recency (derived from telemeteredMaximumTime),Recency,9.73
ACC - Rain -Wairoa @ Hunua Nursery/Bowling Club,Max TP108 ARI,ARI Max Threshold,Overflow/Max,5.0
ACC - Rain -Wairoa @ Hunua Nursery/Bowling Club,10mm Drought Alarm,750010_10mm Drought Alarm,Overflow/Max,0.99
ACC - Rain -Wairoa @ Hunua Nursery/Bowling Club,Rainfall 30 second window sum,2.5 mm,Overflow/Max,2.49
ACC - Rain -Wairoa @ Hunua Nursery/Bowling Club,Rainfall 7 days window sum,750010_threshold_alarm,Overflow/Max,180.0
ACC - Rain -Wairoa @ Hunua Nursery/Bowling Club,Rainfall 60 min window sum,750010_threshold_alarm_15mm,Overflow/Max,25.0
ACC - Rain -Wairoa @ Hunua Nursery/Bowling Club,Rainfall 24 hr window sum,750010_threshold_alarm,Overflow/Max,100.0
ACC - Rain -Wairoa @ Hunua Nursery/Bowling Club,Rainfall 6 hr window sum,750010_threshold_alarm,Overflow/Max,50.0
ACC - Rain -Wairoa @ Hunua Nursery/Bowling Club,Rainfall 12 hr window sum,750010_threshold_alarm,Overflow/Max,70.0
ACC - Rain -Wairoa @ Hunua Nursery/Bowling Club,Rainfall 30 min window sum,750010_threshold_alarm_15mm,Overflow/Max,15.0
ACC - Rain -Wairoa @ Hunua Nursery/Bowling Club,Rainfall 60 min window sum - Mirror,1 hour Accumulated Threshold,Overflow/Max,15.0
ACC - Rain -Wairau at Testing Station  NSCC07,Rainfall (primary),Data Recency (derived from telemeteredMaximumTime),Recency,9.73
ACC - Rain -Wairau at Testing Station  NSCC07,Rainfall 7 days window sum,647722_threshold_alarm,Overflow/Max,180.0
ACC - Rain -Wairau at Testing Station  NSCC07,10mm Drought Alarm,647722_10mm Drought Alarm,Overflow/Max,0.99
ACC - Rain -Wairau at Testing Station  NSCC07,Rainfall 30 min window sum,647722_threshold_alarm_15mm,Overflow/Max,15.0
ACC - Rain -Wairau at Testing Station  NSCC07,Rainfall 12 hr window sum,647722_threshold_alarm,Overflow/Max,70.0
ACC - Rain -Wairau at Testing Station  NSCC07,Rainfall 30 second window sum,2.5 mm,Overflow/Max,2.49
ACC - Rain -Wairau at Testing Station  NSCC07,Rainfall 6 hr window sum,647722_threshold_alarm,Overflow/Max,50.0
ACC - Rain -Wairau at Testing Station  NSCC07,Max TP108 ARI,ARI Max Threshold,Overflow/Max,5.0
ACC - Rain -Wairau at Testing Station  NSCC07,Rainfall 24 hr window sum,647722_threshold_alarm,Overflow/Max,100.0
ACC - Rain -Wairau at Testing Station  NSCC07,Rainfall 60 min window sum,647722_threshold_alarm_15mm,Overflow/Max,25.0
ACC - Rain -Wairau at Testing Station  NSCC07,Rainfall 60 min window sum - Mirror,1 hour Accumulated Threshold,Overflow/Max,15.0
ACC - Rain -Waihihi @ Waharau Regional Park,Rainfall (primary),Data Recency (derived from telemeteredMaximumTime),Recency,9.73
ACC - Rain -Waihihi @ Waharau Regional Park,Rainfall 7 days window sum,750213_threshold_alarm,Overflow/Max,180.0
ACC - Rain -Waihihi @ Waharau Regional Park,10mm Drought Alarm,750213_10mm Drought Alarm,Overflow/Max,0.0
ACC - Rain -Waihihi @ Waharau Regional Park,Max TP108 ARI,ARI Max Threshold,Overflow/Max,5.0
ACC - Rain -Waihihi @ Waharau Regional Park,Rainfall 12 hr window sum,750213_threshold_alarm,Overflow/Max,70.0
ACC - Rain -Waihihi @ Waharau Regional Park,Rainfall 24 hr window sum,750213_threshold_alarm,Overflow/Max,100.0
ACC - Rain -Waihihi @ Waharau Regional Park,Rainfall 60 min window sum - Mirror,1 hour Accumulated Threshold,Overflow/Max,15.0
ACC - Rain -Waihihi @ Waharau Regional Park,Rainfall 60 min window sum,750213_threshold_alarm_15mm,Overflow/Max,25.0
ACC - Rain -Waihihi @ Waharau Regional Park,Rainfall 30 min window sum,750213_threshold_alarm_15mm,Overflow/Max,15.0
ACC - Rain -Waihihi @ Waharau Regional Park,Rainfall 30 second window sum,2.5 mm,Overflow/Max,2.49
ACC - Rain -Waihihi @ Waharau Regional Park,Rainfall 6 hr window sum,750213_threshold_alarm,Overflow/Max,50.0
ACC - Rain -Torbay @ Glamorgan Schl  NSCC04,Rainfall (primary),Data Recency (derived from telemeteredMaximumTime),Recency,10.73
ACC - Rain -Torbay @ Glamorgan Schl  NSCC04,Rainfall 7 days window sum,647739_threshold_alarm,Overflow/Max,180.0
ACC - Rain -Torbay @ Glamorgan Schl  NSCC04,10mm Drought Alarm,647739_10mm Drought Alarm,Overflow/Max,0.99
ACC - Rain -Torbay @ Glamorgan Schl  NSCC04,Rainfall 60 min window sum,647739_threshold_alarm_15mm,Overflow/Max,25.0
ACC - Rain -Torbay @ Glamorgan Schl  NSCC04,Rainfall 12 hr window sum,647739_threshold_alarm,Overflow/Max,70.0
ACC - Rain -Torbay @ Glamorgan Schl  NSCC04,Rainfall 60 min window sum - Mirror,1 hour Accumulated Threshold,Overflow/Max,15.0
ACC - Rain -Torbay @ Glamorgan Schl  NSCC04,Max TP108 ARI,ARI Max Threshold,Overflow/Max,5.0
ACC - Rain -Torbay @ Glamorgan Schl  NSCC04,Rainfall 24 hr window sum,647739_threshold_alarm,Overflow/Max,100.0
ACC - Rain -Torbay @ Glamorgan Schl  NSCC04,Rainfall 30 second window sum,2.5 mm,Overflow/Max,2.49
ACC - Rain -Torbay @ Glamorgan Schl  NSCC04,Rainfall 30 min window sum,647739_threshold_alarm_15mm,Overflow/Max,15.0
ACC - Rain -Torbay @ Glamorgan Schl  NSCC04,Rainfall 6 hr window sum,647739_threshold_alarm,Overflow/Max,50.0
ACC - Rain -Te Pai Park Henderson WCC,Rainfall (primary),Data Recency (derived from telemeteredMaximumTime),Recency,9.73
ACC - Rain -Te Pai Park Henderson WCC,10mm Drought Alarm,648626_10mm Drought Alarm,Overflow/Max,0.99
ACC - Rain -Te Pai Park Henderson WCC,Rainfall 7 days window sum,648626_threshold_alarm,Overflow/Max,180.0
ACC - Rain -Te Pai Park Henderson WCC,Rainfall 12 hr window sum,648626_threshold_alarm,Overflow/Max,70.0
ACC - Rain -Te Pai Park Henderson WCC,Rainfall 30 second window sum,2.5 mm,Overflow/Max,2.49
ACC - Rain -Te Pai Park Henderson WCC,Rainfall 20 hr window sum,Rainfall 20 hr window sum greater than 8mm,Overflow/Max,8.0
ACC - Rain -Te Pai Park Henderson WCC,Rainfall 6 hr window sum,648626_threshold_alarm,Overflow/Max,50.0
ACC - Rain -Te Pai Park Henderson WCC,Rainfall 60 min window sum,648626_threshold_alarm_15mm,Overflow/Max,25.0
ACC - Rain -Te Pai Park Henderson WCC,Rainfall 24 hr window sum,648626_threshold_alarm,Overflow/Max,100.0
ACC - Rain -Te Pai Park Henderson WCC,Rainfall 30 min window sum,648626_threshold_alarm_15mm,Overflow/Max,15.0
ACC - Rain -Te Pai Park Henderson WCC,Max TP108 ARI,ARI Max Threshold,Overflow/Max,5.0
ACC - Rain -Te Pai Park Henderson WCC,Rainfall 60 min window sum - Mirror,1 hour Accumulated Threshold,Overflow/Max,15.0
ACC - Rain -Te Muri Rainfall,Rainfall (primary),Data Recency (derived from telemeteredMaximumTime),Recency,9.73
ACC - Rain -Te Muri Rainfall,Rainfall 7 days window sum,645714_threshold_alarm,Overflow/Max,180.0
ACC - Rain -Te Muri Rainfall,10mm Drought Alarm,645714_10mm Drought Alarm,Overflow/Max,0.99
ACC - Rain -Te Muri Rainfall,Rainfall 24 hr window sum,645714_threshold_alarm,Overflow/Max,100.0
ACC - Rain -Te Muri Rainfall,Rainfall 30 second window sum,2.5 mm,Overflow/Max,2.49
ACC - Rain -Te Muri Rainfall,Max TP108 ARI,ARI Max Threshold,Overflow/Max,5.0
ACC - Rain -Te Muri Rainfall,Rainfall 60 min window sum - Mirror,1 hour Accumulated Threshold,Overflow/Max,15.0
ACC - Rain -Te Muri Rainfall,Rainfall 12 hr window sum,645714_threshold_alarm,Overflow/Max,70.0
ACC - Rain -Te Muri Rainfall,Rainfall 30 min window sum,645714_threshold_alarm_15mm,Overflow/Max,15.0
ACC - Rain -Te Muri Rainfall,Rainfall 60 min window sum,645714_threshold_alarm_15mm,Overflow/Max,25.0
ACC - Rain -Te Muri Rainfall,Rainfall 6 hr window sum,645714_threshold_alarm,Overflow/Max,50.0
ACC - Rain -Tamahunga @ Quintals Rd,Rainfall (primary),Data Recency (derived from telemeteredMaximumTime),Recency,9.73
ACC - Rain -Tamahunga @ Quintals Rd,Rainfall 7 days window sum,643713_threshold_alarm,Overflow/Max,180.0
ACC - Rain -Tamahunga @ Quintals Rd,10mm Drought Alarm,643713_10mm Drought Alarm,Overflow/Max,0.99
ACC - Rain -Tamahunga @ Quintals Rd,Rainfall 60 min window sum - Mirror,1 hour Accumulated Threshold,Overflow/Max,15.0
ACC - Rain -Tamahunga @ Quintals Rd,Rainfall 30 second window sum,2.5 mm,Overflow/Max,2.49
ACC - Rain -Tamahunga @ Quintals Rd,Rainfall 60 min window sum,643713_threshold_alarm_15mm,Overflow/Max,25.0
ACC - Rain -Tamahunga @ Quintals Rd,Rainfall 24 hr window sum,643713_threshold_alarm,Overflow/Max,100.0
ACC - Rain -Tamahunga @ Quintals Rd,Rainfall 30 min window sum,643713_threshold_alarm_15mm,Overflow/Max,15.0
ACC - Rain -Tamahunga @ Quintals Rd,Rainfall 6 hr window sum,643713_threshold_alarm,Overflow/Max,50.0
ACC - Rain -Tamahunga @ Quintals Rd,Max TP108 ARI,ARI Max Threshold,Overflow/Max,5.0
ACC - Rain -Tamahunga @ Quintals Rd,Rainfall 12 hr window sum,643713_threshold_alarm,Overflow/Max,70.0
ACC - Rain -Swanson @ Waitakere Filter Station,Rainfall (primary),Data Recency (derived from telemeteredMaximumTime),Recency,9.56
ACC - Rain -Swanson @ Waitakere Filter Station,Rainfall 7 days window sum,648513_threshold_alarm,Overflow/Max,180.0
ACC - Rain -Swanson @ Waitakere Filter Station,10mm Drought Alarm,648513_10mm Drought Alarm,Overflow/Max,0.99
ACC - Rain -Swanson @ Waitakere Filter Station,Rainfall 60 min window sum,648513_threshold_alarm_15mm,Overflow/Max,25.0
ACC - Rain -Swanson @ Waitakere Filter Station,Rainfall 12 hr window sum,648513_threshold_alarm,Overflow/Max,70.0
ACC - Rain -Swanson @ Waitakere Filter Station,Max TP108 ARI,ARI Max Threshold,Overflow/Max,5.0
ACC - Rain -Swanson @ Waitakere Filter Station,Rainfall 24 hr window sum,648513_threshold_alarm,Overflow/Max,100.0
ACC - Rain -Swanson @ Waitakere Filter Station,Rainfall 6 hr window sum,648513_threshold_alarm,Overflow/Max,50.0
ACC - Rain -Swanson @ Waitakere Filter Station,Rainfall 30 second window sum,2.5 mm,Overflow/Max,2.49
ACC - Rain -Swanson @ Waitakere Filter Station,Rainfall 30 min window sum,648513_threshold_alarm_15mm,Overflow/Max,15.0
ACC - Rain -Swanson @ Waitakere Filter Station,Rainfall 60 min window sum - Mirror,1 hour Accumulated Threshold,Overflow/Max,15.0
ACC - Rain -Substation @ Lincoln Park Ave,Rainfall (primary),Data Recency (derived from telemeteredMaximumTime),Recency,9.73
ACC - Rain -Substation @ Lincoln Park Ave,10mm Drought Alarm,648613_10mm Drought Alarm,Overflow/Max,0.99
ACC - Rain -Substation @ Lincoln Park Ave,Rainfall 7 days window sum,648613_threshold_alarm,Overflow/Max,180.0
ACC - Rain -Substation @ Lincoln Park Ave,Max TP108 ARI,ARI Max Threshold,Overflow/Max,5.0
ACC - Rain -Substation @ Lincoln Park Ave,Rainfall 6 hr window sum,648613_threshold_alarm,Overflow/Max,50.0
ACC - Rain -Substation @ Lincoln Park Ave,Rainfall 30 second window sum,2.5 mm,Overflow/Max,2.49
ACC - Rain -Substation @ Lincoln Park Ave,Rainfall 60 min window sum,648613_threshold_alarm_15mm,Overflow/Max,25.0
ACC - Rain -Substation @ Lincoln Park Ave,Rainfall 20 hr window sum,Rainfall 20 hr window sum greater than 8mm,Overflow/Max,8.0
ACC - Rain -Substation @ Lincoln Park Ave,Rainfall 12 hr window sum,648613_threshold_alarm,Overflow/Max,70.0
ACC - Rain -Substation @ Lincoln Park Ave,Rainfall 30 min window sum,648613_threshold_alarm_15mm,Overflow/Max,15.0
ACC - Rain -Substation @ Lincoln Park Ave,Rainfall 24 hr window sum,648613_threshold_alarm,Overflow/Max,100.0
ACC - Rain -Substation @ Lincoln Park Ave,Rainfall 60 min window sum - Mirror,1 hour Accumulated Threshold,Overflow/Max,15.0
ACC - Rain -School @ Mairangi Bay  NSCC02,Rainfall (primary),Data Recency (derived from telemeteredMaximumTime),Recency,9.73
ACC - Rain -School @ Mairangi Bay  NSCC02,10mm Drought Alarm,647737_10mm Drought Alarm,Overflow/Max,0.99
ACC - Rain -School @ Mairangi Bay  NSCC02,Rainfall 7 days window sum,647737_threshold_alarm,Overflow/Max,180.0
ACC - Rain -School @ Mairangi Bay  NSCC02,Rainfall 12 hr window sum,647737_threshold_alarm,Overflow/Max,70.0
ACC - Rain -School @ Mairangi Bay  NSCC02,Rainfall 30 min window sum,647737_threshold_alarm_15mm,Overflow/Max,15.0
ACC - Rain -School @ Mairangi Bay  NSCC02,Rainfall 6 hr window sum,647737_threshold_alarm,Overflow/Max,50.0
ACC - Rain -School @ Mairangi Bay  NSCC02,Rainfall 30 second window sum,2.5 mm,Overflow/Max,2.49
ACC - Rain -School @ Mairangi Bay  NSCC02,Rainfall 60 min window sum,647737_threshold_alarm,Overflow/Max,25.0
ACC - Rain -School @ Mairangi Bay  NSCC02,Rainfall 24 hr window sum,647737_threshold_alarm,Overflow/Max,100.0
ACC - Rain -School @ Mairangi Bay  NSCC02,Max TP108 ARI,ARI Max Threshold,Overflow/Max,5.0
ACC - Rain -School @ Mairangi Bay  NSCC02,Rainfall 60 min window sum - Mirror,1 hour Accumulated Threshold,Overflow/Max,15.0
ACC - Rain -Reservoir Bush Road,Rainfall (primary),Data Recency (derived from telemeteredMaximumTime),Recency,9.56
ACC - Rain -Reservoir Bush Road,10mm Drought Alarm,649516_10mm Drought Alarm,Overflow/Max,0.99
ACC - Rain -Reservoir Bush Road,Rainfall 7 days window sum,649516_threshold_alarm,Overflow/Max,180.0
ACC - Rain -Reservoir Bush Road,Max TP108 ARI,ARI Max Threshold,Overflow/Max,5.0
ACC - Rain -Reservoir Bush Road,Rainfall 6 hr window sum,649516_threshold_alarm,Overflow/Max,50.0
ACC - Rain -Reservoir Bush Road,Rainfall 60 min window sum,649516_threshold_alarm_15mm,Overflow/Max,25.0
ACC - Rain -Reservoir Bush Road,Rainfall 30 second window sum,2.5 mm,Overflow/Max,2.49
ACC - Rain -Reservoir Bush Road,Rainfall 12 hr window sum,649516_threshold_alarm,Overflow/Max,70.0
ACC - Rain -Reservoir Bush Road,Rainfall 24 hr window sum,649516_threshold_alarm,Overflow/Max,100.0
ACC - Rain -Reservoir Bush Road,Rainfall 30 min window sum,649516_threshold_alarm_15mm,Overflow/Max,15.0
ACC - Rain -Reservoir Bush Road,Rainfall 60 min window sum - Mirror,1 hour Accumulated Threshold,Overflow/Max,15.0
ACC - Rain -Rangitopuni @ Walkers,Rainfall (primary),Data Recency (derived from telemeteredMaximumTime),Recency,9.56
ACC - Rain -Rangitopuni @ Walkers,Rainfall 7 days window sum,647614_threshold_alarm,Overflow/Max,180.0
ACC - Rain -Rangitopuni @ Walkers,Max TP108 ARI,ARI Max Threshold,Overflow/Max,5.0
ACC - Rain -Rangitopuni @ Walkers,Rainfall 12 hr window sum,647614_threshold_alarm,Overflow/Max,70.0
ACC - Rain -Rangitopuni @ Walkers,Rainfall 60 min window sum - Mirror,1 hour Accumulated Threshold,Overflow/Max,15.0
ACC - Rain -Rangitopuni @ Walkers,Rainfall 60 min window sum,647614_threshold_alarm,Overflow/Max,25.0
ACC - Rain -Rangitopuni @ Walkers,10mm Drought Alarm,647614_10mm Drought Alarm,Overflow/Max,0.99
ACC - Rain -Rangitopuni @ Walkers,Rainfall 24 hr window sum,647614_threshold_alarm,Overflow/Max,100.0
ACC - Rain -Rangitopuni @ Walkers,Rainfall 6 hr window sum,647614_threshold_alarm,Overflow/Max,50.0
ACC - Rain -Rangitopuni @ Walkers,Rainfall 30 second window sum,2.5 mm,Overflow/Max,2.49
ACC - Rain -Rangitopuni @ Walkers,Rainfall 30 min window sum,647614_threshold_alarm_15mm,Overflow/Max,15.0
ACC - Rain -Papakura Rain @ Kaipara Rd,Rainfall (primary),Data Recency (derived from telemeteredMaximumTime),Recency,9.56
ACC - Rain -Papakura Rain @ Kaipara Rd,Rainfall 7 days window sum,740944_threshold_alarm,Overflow/Max,180.0
ACC - Rain -Papakura Rain @ Kaipara Rd,10mm Drought Alarm,740944_10mm Drought Alarm,Overflow/Max,0.99
ACC - Rain -Papakura Rain @ Kaipara Rd,Rainfall 30 second window sum,2.5 mm,Overflow/Max,2.49
ACC - Rain -Papakura Rain @ Kaipara Rd,Rainfall 60 min window sum - Mirror,1 hour Accumulated Threshold,Overflow/Max,15.0
ACC - Rain -Papakura Rain @ Kaipara Rd,Rainfall 12 hr window sum,740944_threshold_alarm,Overflow/Max,70.0
ACC - Rain -Papakura Rain @ Kaipara Rd,Rainfall 30 min window sum,740944_threshold_alarm_15mm,Overflow/Max,15.0
ACC - Rain -Papakura Rain @ Kaipara Rd,Max TP108 ARI,ARI Max Threshold,Overflow/Max,5.0
ACC - Rain -Papakura Rain @ Kaipara Rd,Rainfall 6 hr window sum,740944_threshold_alarm,Overflow/Max,50.0
ACC - Rain -Papakura Rain @ Kaipara Rd,Rainfall 24 hr window sum,740944_threshold_alarm,Overflow/Max,100.0
ACC - Rain -Papakura Rain @ Kaipara Rd,Rainfall 60 min window sum,740944_threshold_alarm,Overflow/Max,25.0
ACC - Rain -Oteha @ Rosedale Ponds,Rainfall (primary),Data Recency (derived from telemeteredMaximumTime),Recency,9.73
ACC - Rain -Oteha @ Rosedale Ponds,10mm Drought Alarm,647727_10mm Drought Alarm,Overflow/Max,0.99
ACC - Rain -Oteha @ Rosedale Ponds,Rainfall 7 days window sum,647727_threshold_alarm,Overflow/Max,180.0
ACC - Rain -Oteha @ Rosedale Ponds,Rainfall 24 hr window sum,647727_threshold_alarm,Overflow/Max,100.0
ACC - Rain -Oteha @ Rosedale Ponds,Rainfall 60 min window sum - Mirror,1 hour Accumulated Threshold,Overflow/Max,15.0
ACC - Rain -Oteha @ Rosedale Ponds,Rainfall 30 min window sum,647727_threshold_alarm_15mm,Overflow/Max,15.0
ACC - Rain -Oteha @ Rosedale Ponds,Max TP108 ARI,ARI Max Threshold,Overflow/Max,5.0
ACC - Rain -Oteha @ Rosedale Ponds,Rainfall 12 hr window sum,647727_threshold_alarm,Overflow/Max,70.0
ACC - Rain -Oteha @ Rosedale Ponds,Rainfall 30 second window sum,2.5 mm,Overflow/Max,2.49
ACC - Rain -Oteha @ Rosedale Ponds,Rainfall 6 hr window sum,647727_threshold_alarm,Overflow/Max,50.0
ACC - Rain -Oteha @ Rosedale Ponds,Rainfall 60 min window sum,647727_threshold_alarm,Overflow/Max,25.0
ACC - Rain -Oratia Cemetery Oratia,Rainfall (primary),Data Recency (derived from telemeteredMaximumTime),Recency,9.73
ACC - Rain -Oratia Cemetery Oratia,10mm Drought Alarm,649636_10mm Drought Alarm,Overflow/Max,0.99
ACC - Rain -Oratia Cemetery Oratia,Rainfall 7 days window sum,649636_threshold_alarm,Overflow/Max,180.0
ACC - Rain -Oratia Cemetery Oratia,Rainfall 60 min window sum,649636_threshold_alarm,Overflow/Max,25.0
ACC - Rain -Oratia Cemetery Oratia,Rainfall 30 min window sum,649636_threshold_alarm_15mm,Overflow/Max,15.0
ACC - Rain -Oratia Cemetery Oratia,Rainfall 30 second window sum,2.5 mm,Overflow/Max,2.49
ACC - Rain -Oratia Cemetery Oratia,Max TP108 ARI,ARI Max Threshold,Overflow/Max,5.0
ACC - Rain -Oratia Cemetery Oratia,Rainfall 24 hr window sum,649636_threshold_alarm,Overflow/Max,100.0
ACC - Rain -Oratia Cemetery Oratia,Rainfall 60 min window sum - Mirror,1 hour Accumulated Threshold,Overflow/Max,15.0
ACC - Rain -Oratia Cemetery Oratia,Rainfall 6 hr window sum,649636_threshold_alarm,Overflow/Max,50.0
ACC - Rain -Oratia Cemetery Oratia,Rainfall 12 hr window sum,649636_threshold_alarm,Overflow/Max,70.0
ACC - Rain -Opanuku @ Candia Road,Rainfall (primary),Data Recency (derived from telemeteredMaximumTime),Recency,9.73
ACC - Rain -Opanuku @ Candia Road,Rainfall 7 days window sum,648517_threshold_alarm,Overflow/Max,180.0
ACC - Rain -Opanuku @ Candia Road,Rainfall 60 min window sum - Mirror,1 hour Accumulated Threshold,Overflow/Max,15.0
ACC - Rain -Opanuku @ Candia Road,Rainfall 6 hr window sum,648517_threshold_alarm,Overflow/Max,50.0
ACC - Rain -Opanuku @ Candia Road,10mm Drought Alarm,648517_10mm Drought Alarm,Overflow/Max,0.99
ACC - Rain -Opanuku @ Candia Road,Rainfall 12 hr window sum,648517_threshold_alarm,Overflow/Max,70.0
ACC - Rain -Opanuku @ Candia Road,Max TP108 ARI,ARI Max Threshold,Overflow/Max,5.0
ACC - Rain -Opanuku @ Candia Road,Rainfall 30 second window sum,2.5 mm,Overflow/Max,2.49
ACC - Rain -Opanuku @ Candia Road,Rainfall 24 hr window sum,648517_threshold_alarm,Overflow/Max,100.0
ACC - Rain -Opanuku @ Candia Road,Rainfall 60 min window sum,648517_threshold_alarm,Overflow/Max,25.0
ACC - Rain -Opanuku @ Candia Road,Rainfall 30 min window sum,648517_threshold_alarm_15mm,Overflow/Max,15.0
ACC - Rain -Okahu Bay Bowling Club Rainfall,Rainfall (primary),Data Recency (derived from telemeteredMaximumTime),Recency,9.73
ACC - Rain -Okahu Bay Bowling Club Rainfall,Rainfall 7 days window sum,648817_threshold_alarm,Overflow/Max,180.0
ACC - Rain -Okahu Bay Bowling Club Rainfall,10mm Drought Alarm,648817_10mm Drought Alarm,Overflow/Max,0.99
ACC - Rain -Okahu Bay Bowling Club Rainfall,Rainfall 30 min window sum,648817_threshold_alarm_15mm,Overflow/Max,15.0
ACC - Rain -Okahu Bay Bowling Club Rainfall,Rainfall 12 hr window sum,648817_threshold_alarm,Overflow/Max,70.0
ACC - Rain -Okahu Bay Bowling Club Rainfall,Rainfall 24 hr window sum,648817_threshold_alarm,Overflow/Max,100.0
ACC - Rain -Okahu Bay Bowling Club Rainfall,Rainfall 6 hr window sum,648817_threshold_alarm,Overflow/Max,50.0
ACC - Rain -Okahu Bay Bowling Club Rainfall,Rainfall 60 min window sum,648817_threshold_alarm,Overflow/Max,25.0
ACC - Rain -Okahu Bay Bowling Club Rainfall,Rainfall 30 second window sum,2.5 mm,Overflow/Max,2.49
ACC - Rain -Okahu Bay Bowling Club Rainfall,Rainfall 60 min window sum - Mirror,1 hour Accumulated Threshold,Overflow/Max,15.0
ACC - Rain -Okahu Bay Bowling Club Rainfall,Max TP108 ARI,ARI Max Threshold,Overflow/Max,5.0
ACC - Rain -Ngakoroa @ Donovans,Rainfall (primary),Data Recency (derived from telemeteredMaximumTime),Recency,9.73
ACC - Rain -Ngakoroa @ Donovans,10mm Drought Alarm,742914_10mm Drought Alarm,Overflow/Max,0.99
ACC - Rain -Ngakoroa @ Donovans,Rainfall 7 days window sum,742914_threshold_alarm,Overflow/Max,180.0
ACC - Rain -Ngakoroa @ Donovans,Max TP108 ARI,ARI Max Threshold,Overflow/Max,5.0
ACC - Rain -Ngakoroa @ Donovans,Rainfall 6 hr window sum,742914_threshold_alarm,Overflow/Max,50.0
ACC - Rain -Ngakoroa @ Donovans,Rainfall 60 min window sum - Mirror,1 hour Accumulated Threshold,Overflow/Max,15.0
ACC - Rain -Ngakoroa @ Donovans,Rainfall 30 min window sum,742914_threshold_alarm_15mm,Overflow/Max,15.0
ACC - Rain -Ngakoroa @ Donovans,Rainfall 24 hr window sum,742914_threshold_alarm,Overflow/Max,100.0
ACC - Rain -Ngakoroa @ Donovans,Rainfall 60 min window sum,742914_threshold_alarm,Overflow/Max,25.0
ACC - Rain -Ngakoroa @ Donovans,Rainfall 12 hr window sum,742914_threshold_alarm,Overflow/Max,70.0
ACC - Rain -Ngakoroa @ Donovans,Rainfall 30 second window sum,2.5 mm,Overflow/Max,2.49
ACC - Rain -Muriwai rainfall at golf course,Rainfall (primary),Data Recency (derived from telemeteredMaximumTime),Recency,9.73
ACC - Rain -Muriwai rainfall at golf course,Max TP108 ARI,ARI Max Threshold,Overflow/Max,5.0
ACC - Rain -Muriwai rainfall at golf course,10mm Drought Alarm,648411_10mm Drought Alarm,Overflow/Max,0.99
ACC - Rain -Muriwai rainfall at golf course,Rainfall 7 days window sum,648411_threshold_alarm,Overflow/Max,180.0
ACC - Rain -Muriwai rainfall at golf course,Rainfall 12 hr window sum,648411_threshold_alarm,Overflow/Max,70.0
ACC - Rain -Muriwai rainfall at golf course,Rainfall 24 hr window sum,648411_threshold_alarm,Overflow/Max,100.0
ACC - Rain -Muriwai rainfall at golf course,Rainfall 6 hr window sum,648411_threshold_alarm,Overflow/Max,50.0
ACC - Rain -Muriwai rainfall at golf course,Rainfall 60 min window sum - Mirror,1 hour Accumulated Threshold,Overflow/Max,15.0
ACC - Rain -Muriwai rainfall at golf course,Rainfall 30 second window sum,2.5 mm,Overflow/Max,2.49
ACC - Rain -Muriwai rainfall at golf course,Rainfall 60 min window sum,648411_threshold_alarm_15mm,Overflow/Max,25.0
ACC - Rain -Muriwai rainfall at golf course,Rainfall 30 min window sum,648411_threshold_alarm_15mm,Overflow/Max,15.0
ACC - Rain -Mt Albert Grammer rainfall,Rainfall (primary),Data Recency (derived from telemeteredMaximumTime),Recency,9.73
ACC - Rain -Mt Albert Grammer rainfall,10mm Drought Alarm,648717_10mm Drought Alarm,Overflow/Max,0.99
ACC - Rain -Mt Albert Grammer rainfall,Rainfall 7 days window sum,648717_threshold_alarm,Overflow/Max,180.0
ACC - Rain -Mt Albert Grammer rainfall,Rainfall 6 hr window sum,648717_threshold_alarm,Overflow/Max,50.0
ACC - Rain -Mt Albert Grammer rainfall,Rainfall 30 min window sum,648717_threshold_alarm_15mm,Overflow/Max,15.0
ACC - Rain -Mt Albert Grammer rainfall,Rainfall 12 hr window sum,648717_threshold_alarm,Overflow/Max,70.0
ACC - Rain -Mt Albert Grammer rainfall,Rainfall 60 min window sum - Mirror,1 hour Accumulated Threshold,Overflow/Max,15.0
ACC - Rain -Mt Albert Grammer rainfall,Rainfall 60 min window sum,648717_threshold_alarm_15mm,Overflow/Max,25.0
ACC - Rain -Mt Albert Grammer rainfall,Max TP108 ARI,ARI Max Threshold,Overflow/Max,5.0
ACC - Rain -Mt Albert Grammer rainfall,Rainfall 30 second window sum,2.5 mm,Overflow/Max,2.49
ACC - Rain -Mt Albert Grammer rainfall,Rainfall 24 hr window sum,648717_threshold_alarm,Overflow/Max,100.0
ACC - Rain -Matiatia Bay rainfall,Rainfall (primary),Data Recency (derived from telemeteredMaximumTime),Recency,9.73
ACC - Rain -Matiatia Bay rainfall,10mm Drought Alarm,659401_10mm Drought Alarm,Overflow/Max,0.99
ACC - Rain -Matiatia Bay rainfall,Max TP108 ARI,ARI Max Threshold,Overflow/Max,5.0
ACC - Rain -Matiatia Bay rainfall,Rainfall 7 days window sum,659401_threshold_alarm,Overflow/Max,180.0
ACC - Rain -Matiatia Bay rainfall,Rainfall 60 min window sum,659401_threshold_alarm_15mm,Overflow/Max,25.0
ACC - Rain -Matiatia Bay rainfall,Rainfall 24 hr window sum,659401_threshold_alarm,Overflow/Max,100.0
ACC - Rain -Matiatia Bay rainfall,Rainfall 12 hr window sum,659401_threshold_alarm,Overflow/Max,70.0
ACC - Rain -Matiatia Bay rainfall,Rainfall 30 second window sum,2.5 mm,Overflow/Max,2.49
ACC - Rain -Matiatia Bay rainfall,Rainfall 30 min window sum,659401_threshold_alarm_15mm,Overflow/Max,15.0
ACC - Rain -Matiatia Bay rainfall,Rainfall 6 hr window sum,659401_threshold_alarm,Overflow/Max,50.0
ACC - Rain -Matiatia Bay rainfall,Rainfall 60 min window sum - Mirror,1 hour Accumulated Threshold,Overflow/Max,15.0
ACC - Rain -Makarau @ Folded Hills Farm,Rainfall (primary),Data Recency (derived from telemeteredMaximumTime),Recency,9.56
ACC - Rain -Makarau @ Folded Hills Farm,Max TP108 ARI,ARI Max Threshold,Overflow/Max,5.0
ACC - Rain -Makarau @ Folded Hills Farm,Rainfall 7 days window sum,645519_threshold_alarm,Overflow/Max,180.0
ACC - Rain -Makarau @ Folded Hills Farm,10mm Drought Alarm,645519_10mm Drought Alarm,Overflow/Max,0.99
ACC - Rain -Makarau @ Folded Hills Farm,Rainfall 24 hr window sum,645519_threshold_alarm,Overflow/Max,100.0
ACC - Rain -Makarau @ Folded Hills Farm,Rainfall 30 second window sum,2.5 mm,Overflow/Max,2.49
ACC - Rain -Makarau @ Folded Hills Farm,Rainfall 60 min window sum - Mirror,1 hour Accumulated Threshold,Overflow/Max,15.0
ACC - Rain -Makarau @ Folded Hills Farm,Rainfall 12 hr window sum,645519_threshold_alarm,Overflow/Max,70.0
ACC - Rain -Makarau @ Folded Hills Farm,Rainfall 6 hr window sum,645519_threshold_alarm,Overflow/Max,50.0
ACC - Rain -Makarau @ Folded Hills Farm,Rainfall 60 min window sum,645519_threshold_alarm,Overflow/Max,25.0
ACC - Rain -Makarau @ Folded Hills Farm,Rainfall 30 min window sum,645519_threshold_alarm_15mm,Overflow/Max,15.0
ACC - Rain -Mahurangi @ Satellite Dish,Rainfall (primary),Data Recency (derived from telemeteredMaximumTime),Recency,9.73
ACC - Rain -Mahurangi @ Satellite Dish,Rainfall 7 days window sum,644616_threshold_alarm,Overflow/Max,180.0
ACC - Rain -Mahurangi @ Satellite Dish,Rainfall 12 hr window sum,644616_threshold_alarm,Overflow/Max,70.0
ACC - Rain -Mahurangi @ Satellite Dish,Rainfall 30 second window sum,2.5 mm,Overflow/Max,2.49
ACC - Rain -Mahurangi @ Satellite Dish,10mm Drought Alarm,644616_10mm Drought Alarm,Overflow/Max,0.99
ACC - Rain -Mahurangi @ Satellite Dish,Rainfall 24 hr window sum,644616_threshold_alarm,Overflow/Max,100.0
ACC - Rain -Mahurangi @ Satellite Dish,Rainfall 6 hr window sum,644616_threshold_alarm,Overflow/Max,50.0
ACC - Rain -Mahurangi @ Satellite Dish,Max TP108 ARI,ARI Max Threshold,Overflow/Max,5.0
ACC - Rain -Mahurangi @ Satellite Dish,Rainfall 60 min window sum - Mirror,1 hour Accumulated Threshold,Overflow/Max,15.0
ACC - Rain -Mahurangi @ Satellite Dish,Rainfall 30 min window sum,644616_threshold_alarm_15mm,Overflow/Max,15.0
ACC - Rain -Mahurangi @ Satellite Dish,Rainfall 60 min window sum,644616_threshold_alarm,Overflow/Max,25.0
ACC - Rain -Longford Park Rainfall,Rainfall (primary),Data Recency (derived from telemeteredMaximumTime),Recency,9.73
ACC - Rain -Longford Park Rainfall,Rainfall 7 days window sum,740942_threshold_alarm,Overflow/Max,180.0
ACC - Rain -Longford Park Rainfall,10mm Drought Alarm,740942_10mm Drought Alarm,Overflow/Max,0.99
ACC - Rain -Longford Park Rainfall,Rainfall 60 min window sum - Mirror,1 hour Accumulated Threshold,Overflow/Max,15.0
ACC - Rain -Longford Park Rainfall,Rainfall 60 min window sum,740942_threshold_alarm,Overflow/Max,25.0
ACC - Rain -Longford Park Rainfall,Rainfall 12 hr window sum,740942_threshold_alarm,Overflow/Max,70.0
ACC - Rain -Longford Park Rainfall,Rainfall 30 min window sum,740942_threshold_alarm_15mm,Overflow/Max,15.0
ACC - Rain -Longford Park Rainfall,Rainfall 30 second window sum,2.5 mm,Overflow/Max,2.49
ACC - Rain -Longford Park Rainfall,Rainfall 24 hr window sum,740942_threshold_alarm,Overflow/Max,100.0
ACC - Rain -Longford Park Rainfall,Max TP108 ARI,ARI Max Threshold,Overflow/Max,5.0
ACC - Rain -Longford Park Rainfall,Rainfall 6 hr window sum,740942_threshold_alarm,Overflow/Max,50.0
ACC - Rain -Leigh Rainfall,Rainfall (primary),Data Recency (derived from telemeteredMaximumTime),Recency,9.73
ACC - Rain -Leigh Rainfall,Rainfall 7 days window sum,642701_threshold_alarm,Overflow/Max,180.0
ACC - Rain -Leigh Rainfall,10mm Drought Alarm,642701_10mm Drought Alarm,Overflow/Max,0.99
ACC - Rain -Leigh Rainfall,Rainfall 6 hr window sum,642701_threshold_alarm,Overflow/Max,50.0
ACC - Rain -Leigh Rainfall,Rainfall 30 min window sum,642701_threshold_alarm_15mm,Overflow/Max,15.0
ACC - Rain -Leigh Rainfall,Rainfall 30 second window sum,2.5 mm,Overflow/Max,2.49
ACC - Rain -Leigh Rainfall,Rainfall 24 hr window sum,642701_threshold_alarm,Overflow/Max,100.0
ACC - Rain -Leigh Rainfall,Rainfall 60 min window sum,642701_threshold_alarm,Overflow/Max,25.0
ACC - Rain -Leigh Rainfall,Max TP108 ARI,ARI Max Threshold,Overflow/Max,5.0
ACC - Rain -Leigh Rainfall,Rainfall 60 min window sum - Mirror,1 hour Accumulated Threshold,Overflow/Max,15.0
ACC - Rain -Leigh Rainfall,Rainfall 12 hr window sum,642701_threshold_alarm,Overflow/Max,70.0
ACC - Rain -Kumeu @ Waitakere Domain,Rainfall (primary),Data Recency (derived from telemeteredMaximumTime),Recency,9.73
ACC - Rain -Kumeu @ Waitakere Domain,Rainfall 7 days window sum,648516_threshold_alarm,Overflow/Max,180.0
ACC - Rain -Kumeu @ Waitakere Domain,10mm Drought Alarm,648516_10mm Drought Alarm,Overflow/Max,0.99
ACC - Rain -Kumeu @ Waitakere Domain,Rainfall 30 second window sum,2.5 mm,Overflow/Max,2.49
ACC - Rain -Kumeu @ Waitakere Domain,Rainfall 24 hr window sum,648516_threshold_alarm,Overflow/Max,100.0
ACC - Rain -Kumeu @ Waitakere Domain,Rainfall 60 min window sum,648516_threshold_alarm,Overflow/Max,25.0
ACC - Rain -Kumeu @ Waitakere Domain,Rainfall 30 min window sum,648516_threshold_alarm_15mm,Overflow/Max,15.0
ACC - Rain -Kumeu @ Waitakere Domain,Max TP108 ARI,ARI Max Threshold,Overflow/Max,5.0
ACC - Rain -Kumeu @ Waitakere Domain,Rainfall 60 min window sum - Mirror,1 hour Accumulated Threshold,Overflow/Max,15.0
ACC - Rain -Kumeu @ Waitakere Domain,Rainfall 6 hr window sum,648516_threshold_alarm,Overflow/Max,50.0
ACC - Rain -Kumeu @ Waitakere Domain,Rainfall 12 hr window sum,648516_threshold_alarm,Overflow/Max,70.0
ACC - Rain -Kumeu @ Maddrens,Rainfall (primary),Data Recency (derived from telemeteredMaximumTime),Recency,9.73
ACC - Rain -Kumeu @ Maddrens,Rainfall 7 days window sum,647513_threshold_alarm,Overflow/Max,180.0
ACC - Rain -Kumeu @ Maddrens,Rainfall 30 min window sum,647513_threshold_alarm_15mm,Overflow/Max,15.0
ACC - Rain -Kumeu @ Maddrens,Max TP108 ARI,ARI Max Threshold,Overflow/Max,5.0
ACC - Rain -Kumeu @ Maddrens,10mm Drought Alarm,647513_10mm Drought Alarm,Overflow/Max,0.99
ACC - Rain -Kumeu @ Maddrens,Rainfall 60 min window sum - Mirror,1 hour Accumulated Threshold,Overflow/Max,15.0
ACC - Rain -Kumeu @ Maddrens,Rainfall 12 hr window sum,647513_threshold_alarm,Overflow/Max,70.0
ACC - Rain -Kumeu @ Maddrens,Rainfall 24 hr window sum,647513_threshold_alarm,Overflow/Max,100.0
ACC - Rain -Kumeu @ Maddrens,Rainfall 60 min window sum,647513_threshold_alarm,Overflow/Max,25.0
ACC - Rain -Kumeu @ Maddrens,Rainfall 6 hr window sum,647513_threshold_alarm,Overflow/Max,50.0
ACC - Rain -Kumeu @ Maddrens,Rainfall 30 second window sum,2.5 mm,Overflow/Max,2.49
ACC - Rain -Keeling Road @ Utilitech Training Centre,Rainfall (primary),Data Recency (derived from telemeteredMaximumTime),Recency,9.73
ACC - Rain -Keeling Road @ Utilitech Training Centre,Rainfall 7 days window sum,648612_threshold_alarm,Overflow/Max,180.0
ACC - Rain -Keeling Road @ Utilitech Training Centre,10mm Drought Alarm,648612_10mm Drought Alarm,Overflow/Max,0.99
ACC - Rain -Keeling Road @ Utilitech Training Centre,Rainfall 24 hr window sum,648612_threshold_alarm,Overflow/Max,100.0
ACC - Rain -Keeling Road @ Utilitech Training Centre,Rainfall 30 second window sum,2.5 mm,Overflow/Max,2.49
ACC - Rain -Keeling Road @ Utilitech Training Centre,Rainfall 30 min window sum,648612_threshold_alarm_15mm,Overflow/Max,15.0
ACC - Rain -Keeling Road @ Utilitech Training Centre,Rainfall 60 min window sum,648612_threshold_alarm,Overflow/Max,25.0
ACC - Rain -Keeling Road @ Utilitech Training Centre,Max TP108 ARI,ARI Max Threshold,Overflow/Max,5.0
ACC - Rain -Keeling Road @ Utilitech Training Centre,Rainfall 12 hr window sum,648612_threshold_alarm,Overflow/Max,70.0
ACC - Rain -Keeling Road @ Utilitech Training Centre,Rainfall 60 min window sum - Mirror,1 hour Accumulated Threshold,Overflow/Max,15.0
ACC - Rain -Keeling Road @ Utilitech Training Centre,Rainfall 6 hr window sum,648612_threshold_alarm,Overflow/Max,50.0
ACC - Rain -Karaka rainfall,Rainfall (primary),Data Recency (derived from telemeteredMaximumTime),Recency,9.73
ACC - Rain -Karaka rainfall,10mm Drought Alarm,741814_10mm Drought Alarm,Overflow/Max,0.99
ACC - Rain -Karaka rainfall,Rainfall 7 days window sum,741814_threshold_alarm,Overflow/Max,180.0
ACC - Rain -Karaka rainfall,Rainfall 60 min window sum,741814_threshold_alarm_15mm,Overflow/Max,25.0
ACC - Rain -Karaka rainfall,Rainfall 24 hr window sum,741814_threshold_alarm,Overflow/Max,100.0
ACC - Rain -Karaka rainfall,Rainfall 30 min window sum,741814_threshold_alarm_15mm,Overflow/Max,15.0
ACC - Rain -Karaka rainfall,Rainfall 30 second window sum,2.5 mm,Overflow/Max,2.49
ACC - Rain -Karaka rainfall,Rainfall 12 hr window sum,741814_threshold_alarm,Overflow/Max,70.0
ACC - Rain -Karaka rainfall,Max TP108 ARI,ARI Max Threshold,Overflow/Max,5.0
ACC - Rain -Karaka rainfall,Rainfall 60 min window sum - Mirror,1 hour Accumulated Threshold,Overflow/Max,15.0
ACC - Rain -Karaka rainfall,Rainfall 6 hr window sum,741814_threshold_alarm,Overflow/Max,50.0
ACC - Rain -Kaipara Heads @ Wallers,Rainfall (primary),Data Recency (derived from telemeteredMaximumTime),Recency,9.73
ACC - Rain -Kaipara Heads @ Wallers,10mm Drought Alarm,644211_10mm Drought Alarm,Overflow/Max,0.99
ACC - Rain -Kaipara Heads @ Wallers,Rainfall 7 days window sum,644211_threshold_alarm,Overflow/Max,180.0
ACC - Rain -Kaipara Heads @ Wallers,Max TP108 ARI,ARI Max Threshold,Overflow/Max,5.0
ACC - Rain -Kaipara Heads @ Wallers,Rainfall 60 min window sum,644211_threshold_alarm_15mm,Overflow/Max,25.0
ACC - Rain -Kaipara Heads @ Wallers,Rainfall 6 hr window sum,644211_threshold_alarm,Overflow/Max,50.0
ACC - Rain -Kaipara Heads @ Wallers,Rainfall 12 hr window sum,644211_threshold_alarm,Overflow/Max,70.0
ACC - Rain -Kaipara Heads @ Wallers,Rainfall 24 hr window sum,644211_threshold_alarm,Overflow/Max,100.0
ACC - Rain -Kaipara Heads @ Wallers,Rainfall 60 min window sum - Mirror,1 hour Accumulated Threshold,Overflow/Max,15.0
ACC - Rain -Kaipara Heads @ Wallers,Rainfall 30 min window sum,644211_threshold_alarm_15mm,Overflow/Max,15.0
ACC - Rain -Kaipara Heads @ Wallers,Rainfall 30 second window sum,2.5 mm,Overflow/Max,2.49
ACC - Rain -Hoteo at Oldfields,Rainfall (primary),Data Recency (derived from telemeteredMaximumTime),Recency,9.73
ACC - Rain -Hoteo at Oldfields,Rainfall 7 days window sum,643510_threshold_alarm,Overflow/Max,180.0
ACC - Rain -Hoteo at Oldfields,10mm Drought Alarm,643510_10mm Drought Alarm,Overflow/Max,0.99
ACC - Rain -Hoteo at Oldfields,Max TP108 ARI,ARI Max Threshold,Overflow/Max,5.0
ACC - Rain -Hoteo at Oldfields,Rainfall 60 min window sum - Mirror,1 hour Accumulated Threshold,Overflow/Max,15.0
ACC - Rain -Hoteo at Oldfields,Rainfall 6 hr window sum,643510_threshold_alarm,Overflow/Max,50.0
ACC - Rain -Hoteo at Oldfields,Rainfall 12 hr window sum,643510_threshold_alarm,Overflow/Max,70.0
ACC - Rain -Hoteo at Oldfields,Rainfall 30 min window sum,643510_threshold_alarm_15mm,Overflow/Max,15.0
ACC - Rain -Hoteo at Oldfields,Rainfall 30 second window sum,2.5 mm,Overflow/Max,2.49
ACC - Rain -Hoteo at Oldfields,Rainfall 60 min window sum,643510_threshold_alarm_15mm,Overflow/Max,25.0
ACC - Rain -Hoteo at Oldfields,Rainfall 24 hr window sum,643510_threshold_alarm,Overflow/Max,100.0
ACC - Rain -Harmel Road Waitakere City Council Pump Stn,Rainfall (primary),Data Recency (derived from telemeteredMaximumTime),Recency,9.56
ACC - Rain -Harmel Road Waitakere City Council Pump Stn,10mm Drought Alarm,648614_10mm Drought Alarm,Overflow/Max,0.99
ACC - Rain -Harmel Road Waitakere City Council Pump Stn,Rainfall 30 min window sum,648614_threshold_alarm_15mm,Overflow/Max,15.0
ACC - Rain -Harmel Road Waitakere City Council Pump Stn,Rainfall 30 second window sum,2.5 mm,Overflow/Max,2.49
ACC - Rain -Harmel Road Waitakere City Council Pump Stn,Rainfall 7 days window sum,648614_threshold_alarm,Overflow/Max,180.0
ACC - Rain -Harmel Road Waitakere City Council Pump Stn,Max TP108 ARI,ARI Max Threshold,Overflow/Max,5.0
ACC - Rain -Harmel Road Waitakere City Council Pump Stn,Rainfall 60 min window sum,648614_threshold_alarm,Overflow/Max,25.0
ACC - Rain -Harmel Road Waitakere City Council Pump Stn,Rainfall 12 hr window sum,648614_threshold_alarm,Overflow/Max,70.0
ACC - Rain -Harmel Road Waitakere City Council Pump Stn,Rainfall 6 hr window sum,648614_threshold_alarm,Overflow/Max,50.0
ACC - Rain -Harmel Road Waitakere City Council Pump Stn,Rainfall 24 hr window sum,648614_threshold_alarm,Overflow/Max,100.0
ACC - Rain -Harmel Road Waitakere City Council Pump Stn,Rainfall 60 min window sum - Mirror,1 hour Accumulated Threshold,Overflow/Max,15.0
ACC - Rain -Forrest Hill Road Waiatarua (No#247),Rainfall (primary),Data Recency (derived from telemeteredMaximumTime),Recency,9.73
ACC - Rain -Forrest Hill Road Waiatarua (No#247),Rainfall 7 days window sum,649517_threshold_alarm,Overflow/Max,180.0
ACC - Rain -Forrest Hill Road Waiatarua (No#247),Rainfall 24 hr window sum,649517_threshold_alarm,Overflow/Max,100.0
ACC - Rain -Forrest Hill Road Waiatarua (No#247),10mm Drought Alarm,649517_10mm Drought Alarm,Overflow/Max,0.99
ACC - Rain -Forrest Hill Road Waiatarua (No#247),Rainfall 6 hr window sum,649517_threshold_alarm,Overflow/Max,50.0
ACC - Rain -Forrest Hill Road Waiatarua (No#247),Rainfall 12 hr window sum,649517_threshold_alarm,Overflow/Max,70.0
ACC - Rain -Forrest Hill Road Waiatarua (No#247),Max TP108 ARI,ARI Max Threshold,Overflow/Max,5.0
ACC - Rain -Forrest Hill Road Waiatarua (No#247),Rainfall 30 min window sum,649517_threshold_alarm_15mm,Overflow/Max,15.0
ACC - Rain -Forrest Hill Road Waiatarua (No#247),Rainfall 60 min window sum - Mirror,1 hour Accumulated Threshold,Overflow/Max,15.0
ACC - Rain -Forrest Hill Road Waiatarua (No#247),Rainfall 30 second window sum,2.5 mm,Overflow/Max,2.49
ACC - Rain -Forrest Hill Road Waiatarua (No#247),Rainfall 60 min window sum,649517_threshold_alarm,Overflow/Max,25.0
ACC - Rain -Cutler Park New Lynn,Rainfall (primary),Data Recency (derived from telemeteredMaximumTime),Recency,9.73
ACC - Rain -Cutler Park New Lynn,10mm Drought Alarm,649637_10mm Drought Alarm,Overflow/Max,0.99
ACC - Rain -Cutler Park New Lynn,Rainfall 24 hr window sum,649637_threshold_alarm,Overflow/Max,100.0
ACC - Rain -Cutler Park New Lynn,Rainfall 7 days window sum,649637_threshold_alarm,Overflow/Max,180.0
ACC - Rain -Cutler Park New Lynn,Rainfall 60 min window sum,649637_threshold_alarm_15mm,Overflow/Max,25.0
ACC - Rain -Cutler Park New Lynn,Rainfall 30 second window sum,2.5 mm,Overflow/Max,2.49
ACC - Rain -Cutler Park New Lynn,Rainfall 12 hr window sum,649637_threshold_alarm,Overflow/Max,70.0
ACC - Rain -Cutler Park New Lynn,Rainfall 60 min window sum - Mirror,1 hour Accumulated Threshold,Overflow/Max,15.0
ACC - Rain -Cutler Park New Lynn,Rainfall 30 min window sum,649637_threshold_alarm_15mm,Overflow/Max,15.0
ACC - Rain -Cutler Park New Lynn,Max TP108 ARI,ARI Max Threshold,Overflow/Max,5.0
ACC - Rain -Cutler Park New Lynn,Rainfall 6 hr window sum,649637_threshold_alarm,Overflow/Max,50.0
ACC - Rain -Cox's Bay Park Rainfall,Rainfall (primary),Data Recency (derived from telemeteredMaximumTime),Recency,9.73
ACC - Rain -Cox's Bay Park Rainfall,Max TP108 ARI,ARI Max Threshold,Overflow/Max,5.0
ACC - Rain -Cox's Bay Park Rainfall,10mm Drought Alarm,648733_10mm Drought Alarm,Overflow/Max,0.99
ACC - Rain -Cox's Bay Park Rainfall,Dummy Rainfall 30 min window sum,15mm in last 30min,Overflow/Max,15.0
ACC - Rain -Cox's Bay Park Rainfall,Rainfall 7 days window sum,648733_threshold_alarm,Overflow/Max,180.0
ACC - Rain -Cox's Bay Park Rainfall,Rainfall 12 hr window sum,648733_threshold_alarm,Overflow/Max,70.0
ACC - Rain -Cox's Bay Park Rainfall,Rainfall 30 min window sum,648733_threshold_alarm_15mm,Overflow/Max,15.0
ACC - Rain -Cox's Bay Park Rainfall,Rainfall 60 min window sum - Mirror,1 hour Accumulated Threshold,Overflow/Max,15.0
ACC - Rain -Cox's Bay Park Rainfall,Rainfall 60 min window sum,648733_threshold_alarm_15mm,Overflow/Max,25.0
ACC - Rain -Cox's Bay Park Rainfall,Rainfall 6 hr window sum,648733_threshold_alarm,Overflow/Max,50.0
ACC - Rain -Cox's Bay Park Rainfall,Rainfall 24 hr window sum,648733_threshold_alarm,Overflow/Max,100.0
ACC - Rain -Cox's Bay Park Rainfall,Rainfall 30 second window sum,2.5 mm,Overflow/Max,2.49
ACC - Rain -Constable Ln Waitakere City Council Pump Stn,Rainfall (primary),Data Recency (derived from telemeteredMaximumTime),Recency,9.73
ACC - Rain -Constable Ln Waitakere City Council Pump Stn,10mm Drought Alarm,648625_10mm Drought Alarm,Overflow/Max,0.99
ACC - Rain -Constable Ln Waitakere City Council Pump Stn,Rainfall 7 days window sum,648625_threshold_alarm,Overflow/Max,180.0
ACC - Rain -Constable Ln Waitakere City Council Pump Stn,Rainfall 30 min window sum,648625_threshold_alarm_15mm,Overflow/Max,15.0
ACC - Rain -Constable Ln Waitakere City Council Pump Stn,Rainfall 6 hr window sum,648625_threshold_alarm,Overflow/Max,50.0
ACC - Rain -Constable Ln Waitakere City Council Pump Stn,Max TP108 ARI,ARI Max Threshold,Overflow/Max,5.0
ACC - Rain -Constable Ln Waitakere City Council Pump Stn,Rainfall 24 hr window sum,648625_threshold_alarm,Overflow/Max,100.0
ACC - Rain -Constable Ln Waitakere City Council Pump Stn,Rainfall 60 min window sum,648625_threshold_alarm_15mm,Overflow/Max,25.0
ACC - Rain -Constable Ln Waitakere City Council Pump Stn,Rainfall 12 hr window sum,648625_threshold_alarm,Overflow/Max,70.0
ACC - Rain -Constable Ln Waitakere City Council Pump Stn,Rainfall 30 second window sum,2.5 mm,Overflow/Max,2.49
ACC - Rain -Constable Ln Waitakere City Council Pump Stn,Rainfall 20 hr window sum,Rainfall 20 hr window sum greater than 8mm,Overflow/Max,8.0
ACC - Rain -Constable Ln Waitakere City Council Pump Stn,Rainfall 60 min window sum - Mirror,1 hour Accumulated Threshold,Overflow/Max,15.0
ACC - Rain -Clevedon rainfall @ showgrounds,Rainfall (primary),Data Recency (derived from telemeteredMaximumTime),Recency,9.73
ACC - Rain -Clevedon rainfall @ showgrounds,10mm Drought Alarm,750301_10mm Drought Alarm,Overflow/Max,0.99
ACC - Rain -Clevedon rainfall @ showgrounds,Rainfall 7 days window sum,750301_threshold_alarm,Overflow/Max,180.0
ACC - Rain -Clevedon rainfall @ showgrounds,Rainfall 24 hr window sum,750301_threshold_alarm,Overflow/Max,100.0
ACC - Rain -Clevedon rainfall @ showgrounds,Rainfall 30 min window sum,750301_threshold_alarm_15mm,Overflow/Max,15.0
ACC - Rain -Clevedon rainfall @ showgrounds,Rainfall 30 second window sum,2.5 mm,Overflow/Max,2.49
ACC - Rain -Clevedon rainfall @ showgrounds,Rainfall 60 min window sum,750301_threshold_alarm_15mm,Overflow/Max,25.0
ACC - Rain -Clevedon rainfall @ showgrounds,Rainfall 60 min window sum - Mirror,1 hour Accumulated Threshold,Overflow/Max,15.0
ACC - Rain -Clevedon rainfall @ showgrounds,Max TP108 ARI,ARI Max Threshold,Overflow/Max,5.0
ACC - Rain -Clevedon rainfall @ showgrounds,Rainfall 6 hr window sum,750301_threshold_alarm,Overflow/Max,50.0
ACC - Rain -Clevedon rainfall @ showgrounds,Rainfall 12 hr window sum,750301_threshold_alarm,Overflow/Max,70.0
ACC - Rain -Birkdale (Inwards Res.) NSCC03,Rainfall (primary),Data Recency (derived from telemeteredMaximumTime),Recency,9.73
ACC - Rain -Birkdale (Inwards Res.) NSCC03,10mm Drought Alarm,647738_10mm Drought Alarm,Overflow/Max,0.99
ACC - Rain -Birkdale (Inwards Res.) NSCC03,Rainfall 24 hr window sum,647738_threshold_alarm,Overflow/Max,100.0
ACC - Rain -Birkdale (Inwards Res.) NSCC03,Rainfall 7 days window sum,647738_threshold_alarm,Overflow/Max,180.0
ACC - Rain -Birkdale (Inwards Res.) NSCC03,Rainfall 30 min window sum,647738_threshold_alarm_15mm,Overflow/Max,15.0
ACC - Rain -Birkdale (Inwards Res.) NSCC03,Rainfall 12 hr window sum,647738_threshold_alarm,Overflow/Max,70.0
ACC - Rain -Birkdale (Inwards Res.) NSCC03,Rainfall 60 min window sum,647738_threshold_alarm_15mm,Overflow/Max,25.0
ACC - Rain -Birkdale (Inwards Res.) NSCC03,Max TP108 ARI,ARI Max Threshold,Overflow/Max,5.0
ACC - Rain -Birkdale (Inwards Res.) NSCC03,Rainfall 60 min window sum - Mirror,1 hour Accumulated Threshold,Overflow/Max,15.0
ACC - Rain -Birkdale (Inwards Res.) NSCC03,Rainfall 30 second window sum,2.5 mm,Overflow/Max,2.49
ACC - Rain -Birkdale (Inwards Res.) NSCC03,Rainfall 6 hr window sum,647738_threshold_alarm,Overflow/Max,50.0
ACC - Rain -Bayswater @ Plymouth Res. NSCC01,Rainfall (primary),Data Recency (derived from telemeteredMaximumTime),Recency,9.73
ACC - Rain -Bayswater @ Plymouth Res. NSCC01,Rainfall 7 days window sum,648732_threshold_alarm,Overflow/Max,180.0
ACC - Rain -Bayswater @ Plymouth Res. NSCC01,10mm Drought Alarm,648732_10mm Drought Alarm,Overflow/Max,0.99
ACC - Rain -Bayswater @ Plymouth Res. NSCC01,Rainfall 12 hr window sum,648732_threshold_alarm,Overflow/Max,70.0
ACC - Rain -Bayswater @ Plymouth Res. NSCC01,Max TP108 ARI,ARI Max Threshold,Overflow/Max,5.0
ACC - Rain -Bayswater @ Plymouth Res. NSCC01,Rainfall 24 hr window sum,648732_threshold_alarm,Overflow/Max,100.0
ACC - Rain -Bayswater @ Plymouth Res. NSCC01,Rainfall 60 min window sum - Mirror,1 hour Accumulated Threshold,Overflow/Max,15.0
ACC - Rain -Bayswater @ Plymouth Res. NSCC01,Rainfall 30 min window sum,648732_threshold_alarm_15mm,Overflow/Max,15.0
ACC - Rain -Bayswater @ Plymouth Res. NSCC01,Rainfall 60 min window sum,648732_threshold_alarm_15mm,Overflow/Max,25.0
ACC - Rain -Bayswater @ Plymouth Res. NSCC01,Rainfall 6 hr window sum,648732_threshold_alarm,Overflow/Max,50.0
ACC - Rain -Bayswater @ Plymouth Res. NSCC01,Rainfall 30 second window sum,2.5 mm,Overflow/Max,2.49
ACC - Rain -Awhitu @ Brook Road,Rainfall (primary),Data Recency (derived from telemeteredMaximumTime),Recency,9.73
ACC - Rain -Awhitu @ Brook Road,Rainfall 24 hr window sum,741611_threshold_alarm,Overflow/Max,100.0
ACC - Rain -Awhitu @ Brook Road,Rainfall 12 hr window sum,741611_threshold_alarm,Overflow/Max,70.0
ACC - Rain -Awhitu @ Brook Road,10mm Drought Alarm,741611_10mm Drought Alarm,Overflow/Max,0.99
ACC - Rain -Awhitu @ Brook Road,Rainfall 7 days window sum,741611_threshold_alarm,Overflow/Max,180.0
ACC - Rain -Awhitu @ Brook Road,Rainfall 6 hr window sum,741611_threshold_alarm,Overflow/Max,50.0
ACC - Rain -Awhitu @ Brook Road,Max TP108 ARI,ARI Max Threshold,Overflow/Max,5.0
ACC - Rain -Awhitu @ Brook Road,Rainfall 30 min window sum,741611_threshold_alarm_15mm,Overflow/Max,15.0
ACC - Rain -Awhitu @ Brook Road,Rainfall 60 min window sum,741611_threshold_alarm_15mm,Overflow/Max,25.0
ACC - Rain -Awhitu @ Brook Road,Rainfall 30 second window sum,2.5 mm,Overflow/Max,2.49
ACC - Rain -Awhitu @ Brook Road,Rainfall 60 min window sum - Mirror,1 hour Accumulated Threshold,Overflow/Max,15.0
ACC - Rain -Awanohi Rainfall @ Okura,Rainfall (primary),Data Recency (derived from telemeteredMaximumTime),Recency,9.73
ACC - Rain -Awanohi Rainfall @ Okura,10mm Drought Alarm,646622_10mm Drought Alarm,Overflow/Max,0.99
ACC - Rain -Awanohi Rainfall @ Okura,Rainfall 7 days window sum,646622_threshold_alarm,Overflow/Max,180.0
ACC - Rain -Awanohi Rainfall @ Okura,Rainfall 30 min window sum,646622_threshold_alarm_15mm,Overflow/Max,15.0
ACC - Rain -Awanohi Rainfall @ Okura,Rainfall 6 hr window sum,646622_threshold_alarm,Overflow/Max,50.0
ACC - Rain -Awanohi Rainfall @ Okura,Rainfall 12 hr window sum,646622_threshold_alarm,Overflow/Max,70.0
ACC - Rain -Awanohi Rainfall @ Okura,Rainfall 60 min window sum,646622_threshold_alarm_15mm,Overflow/Max,25.0
ACC - Rain -Awanohi Rainfall @ Okura,Rainfall 24 hr window sum,646622_threshold_alarm,Overflow/Max,100.0
ACC - Rain -Awanohi Rainfall @ Okura,Rainfall 60 min window sum - Mirror,1 hour Accumulated Threshold,Overflow/Max,15.0
ACC - Rain -Awanohi Rainfall @ Okura,Rainfall 30 second window sum,2.5 mm,Overflow/Max,2.49
ACC - Rain -Awanohi Rainfall @ Okura,Max TP108 ARI,ARI Max Threshold,Overflow/Max,5.0
ACC - Rain -Avondale Racecourse,Rainfall (primary),Data Recency (derived from telemeteredMaximumTime),Recency,9.73
ACC - Rain -Avondale Racecourse,Rainfall 6 hr window sum,648615_threshold_alarm,Overflow/Max,50.0
ACC - Rain -Avondale Racecourse,Rainfall 30 min window sum,648615_threshold_alarm_15mm,Overflow/Max,15.0
ACC - Rain -Avondale Racecourse,10mm Drought Alarm,648615_10mm Drought Alarm,Overflow/Max,0.99
ACC - Rain -Avondale Racecourse,Rainfall 7 days window sum,648615_threshold_alarm,Overflow/Max,180.0
ACC - Rain -Avondale Racecourse,Rainfall 12 hr window sum,648615_threshold_alarm,Overflow/Max,70.0
ACC - Rain -Avondale Racecourse,Rainfall 24 hr window sum,648615_threshold_alarm,Overflow/Max,100.0
ACC - Rain -Avondale Racecourse,Max TP108 ARI,ARI Max Threshold,Overflow/Max,5.0
ACC - Rain -Avondale Racecourse,Rainfall 60 min window sum - Mirror,1 hour Accumulated Threshold,Overflow/Max,15.0
ACC - Rain -Avondale Racecourse,Rainfall 60 min window sum,648615_threshold_alarm_15mm,Overflow/Max,25.0
ACC - Rain -Avondale Racecourse,Rainfall 30 second window sum,2.5 mm,Overflow/Max,2.49
ACC - Rain -Ararimu @ Zanders,Rainfall (primary),Data Recency (derived from telemeteredMaximumTime),Recency,9.73
ACC - Rain -Ararimu @ Zanders,Max TP108 ARI,ARI Max Threshold,Overflow/Max,5.0
ACC - Rain -Ararimu @ Zanders,Rainfall 7 days window sum,647510_threshold_alarm,Overflow/Max,180.0
ACC - Rain -Ararimu @ Zanders,10mm Drought Alarm,647510_10mm Drought Alarm,Overflow/Max,0.99
ACC - Rain -Ararimu @ Zanders,Rainfall 30 min window sum,647510_threshold_alarm_15mm,Overflow/Max,15.0
ACC - Rain -Ararimu @ Zanders,Rainfall 60 min window sum - Mirror,1 hour Accumulated Threshold,Overflow/Max,15.0
ACC - Rain -Ararimu @ Zanders,Rainfall 6 hr window sum,647510_threshold_alarm,Overflow/Max,50.0
ACC - Rain -Ararimu @ Zanders,Rainfall 30 second window sum,2.5 mm,Overflow/Max,2.49
ACC - Rain -Ararimu @ Zanders,Rainfall 60 min window sum,647510_threshold_alarm_15mm,Overflow/Max,25.0
ACC - Rain -Ararimu @ Zanders,Rainfall 24 hr window sum,647510_threshold_alarm,Overflow/Max,100.0
ACC - Rain -Ararimu @ Zanders,Rainfall 12 hr window sum,647510_threshold_alarm,Overflow/Max,70.0
ACC - Rain -Alexandra Park Rway rainfall,Rainfall (primary),Data Recency (derived from telemeteredMaximumTime),Recency,9.73
ACC - Rain -Alexandra Park Rway rainfall,Rainfall 7 days window sum,648718_threshold_alarm,Overflow/Max,180.0
ACC - Rain -Alexandra Park Rway rainfall,10mm Drought Alarm,648718_10mm Drought Alarm,Overflow/Max,0.99
ACC - Rain -Alexandra Park Rway rainfall,Rainfall 6 hr window sum,648718_threshold_alarm,Overflow/Max,50.0
ACC - Rain -Alexandra Park Rway rainfall,Rainfall 12 hr window sum,648718_threshold_alarm,Overflow/Max,70.0
ACC - Rain -Alexandra Park Rway rainfall,Rainfall 60 min window sum,648718_threshold_alarm_15mm,Overflow/Max,25.0
ACC - Rain -Alexandra Park Rway rainfall,Rainfall 24 hr window sum,648718_threshold_alarm,Overflow/Max,100.0
ACC - Rain -Alexandra Park Rway rainfall,Rainfall 30 second window sum,2.5 mm,Overflow/Max,2.49
ACC - Rain -Alexandra Park Rway rainfall,Rainfall 30 min window sum,648718_threshold_alarm_15mm,Overflow/Max,15.0
ACC - Rain -Alexandra Park Rway rainfall,Max TP108 ARI,ARI Max Threshold,Overflow/Max,5.0
ACC - Rain -Alexandra Park Rway rainfall,Rainfall 60 min window sum - Mirror,1 hour Accumulated Threshold,Overflow/Max,15.0
ACC - Rain -Albert Park Acc rainfall,Rainfall (primary),Data Recency (derived from telemeteredMaximumTime),Recency,9.73
ACC - Rain -Albert Park Acc rainfall,Rainfall 7 days window sum,648719_threshold_alarm,Overflow/Max,180.0
ACC - Rain -Albert Park Acc rainfall,10mm Drought Alarm,648719_10mm Drought Alarm,Overflow/Max,0.99
ACC - Rain -Albert Park Acc rainfall,Rainfall 30 second window sum,2.5 mm,Overflow/Max,2.49
ACC - Rain -Albert Park Acc rainfall,Rainfall 6 hr window sum,648719_threshold_alarm,Overflow/Max,50.0
ACC - Rain -Albert Park Acc rainfall,Rainfall 60 min window sum,648719_threshold_alarm_15mm,Overflow/Max,25.0
ACC - Rain -Albert Park Acc rainfall,Rainfall 60 min window sum - Mirror,1 hour Accumulated Threshold,Overflow/Max,15.0
ACC - Rain -Albert Park Acc rainfall,Rainfall 12 hr window sum,648719_threshold_alarm,Overflow/Max,70.0
ACC - Rain -Albert Park Acc rainfall,Max TP108 ARI,ARI Max Threshold,Overflow/Max,5.0
ACC - Rain -Albert Park Acc rainfall,Rainfall 30 min window sum,648719_threshold_alarm_15mm,Overflow/Max,15.0
ACC - Rain -Albert Park Acc rainfall,Rainfall 24 hr window sum,648719_threshold_alarm,Overflow/Max,100.0
ACC - Rain -Albert Park Acc rainfall,Multiple Gauge Rainfall Recency Alarm,1015735_Multiple Gauge Rainfall Recency Alarm,Overflow/Max,0.1
ACC - Rain -Albany @ Hts Rd NSCC06,Rainfall (primary),Data Recency (derived from telemeteredMaximumTime),Recency,9.73
ACC - Rain -Albany @ Hts Rd NSCC06,Rainfall 7 days window sum,647618_threshold_alarm,Overflow/Max,180.0
ACC - Rain -Albany @ Hts Rd NSCC06,10mm Drought Alarm,647618_10mm Drought Alarm,Overflow/Max,0.99
ACC - Rain -Albany @ Hts Rd NSCC06,Rainfall 6 hr window sum,647618_threshold_alarm,Overflow/Max,50.0
ACC - Rain -Albany @ Hts Rd NSCC06,Rainfall 60 min window sum - Mirror,1 hour Accumulated Threshold,Overflow/Max,15.0
ACC - Rain -Albany @ Hts Rd NSCC06,Rainfall 30 second window sum,2.5 mm,Overflow/Max,2.49
ACC - Rain -Albany @ Hts Rd NSCC06,Rainfall 12 hr window sum,647618_threshold_alarm,Overflow/Max,70.0
ACC - Rain -Albany @ Hts Rd NSCC06,Max TP108 ARI,ARI Max Threshold,Overflow/Max,5.0
ACC - Rain -Albany @ Hts Rd NSCC06,Rainfall 30 min window sum,647618_threshold_alarm_15mm,Overflow/Max,15.0
ACC - Rain -Albany @ Hts Rd NSCC06,Rainfall 60 min window sum,647618_threshold_alarm_15mm,Overflow/Max,25.0
ACC - Rain -Albany @ Hts Rd NSCC06,Rainfall 24 hr window sum,647618_threshold_alarm,Overflow/Max,100.0
ACC - Rain -Orewa @ Treatment Ponds,Rainfall (primary),Data Recency (derived from telemeteredMaximumTime),Recency,9.73
ACC - Rain -Orewa @ Treatment Ponds,Rainfall 7 days window sum,646619_threshold_alarm,Overflow/Max,180.0
ACC - Rain -Orewa @ Treatment Ponds,10mm Drought Alarm,646619_10mm Drought Alarm,Overflow/Max,0.99
ACC - Rain -Orewa @ Treatment Ponds,Rainfall 30 min window sum,646619_threshold_alarm_15mm,Overflow/Max,15.0
ACC - Rain -Orewa @ Treatment Ponds,Rainfall 60 min window sum,646619_threshold_alarm_15mm,Overflow/Max,25.0
ACC - Rain -Orewa @ Treatment Ponds,Rainfall 12 hr window sum,646619_threshold_alarm,Overflow/Max,70.0
ACC - Rain -Orewa @ Treatment Ponds,Rainfall 60 min window sum - Mirror,1 hour Accumulated Threshold,Overflow/Max,15.0
ACC - Rain -Orewa @ Treatment Ponds,Rainfall 30 second window sum,2.5 mm,Overflow/Max,2.49
ACC - Rain -Orewa @ Treatment Ponds,Max TP108 ARI,ARI Max Threshold,Overflow/Max,5.0
ACC - Rain -Orewa @ Treatment Ponds,Rainfall 6 hr window sum,646619_threshold_alarm,Overflow/Max,50.0
ACC - Rain -Orewa @ Treatment Ponds,Rainfall 24 hr window sum,646619_threshold_alarm,Overflow/Max,100.0
ACC - Rain -Mahurangi @ Warkworth Sewage Treatment Plant,Rainfall (primary),Data Recency (derived from telemeteredMaximumTime),Recency,9.73
ACC - Rain -Mahurangi @ Warkworth Sewage Treatment Plant,Rainfall 7 days window sum,644626_threshold_alarm,Overflow/Max,180.0
ACC - Rain -Mahurangi @ Warkworth Sewage Treatment Plant,Rainfall 60 min window sum,644626_threshold_alarm_15mm,Overflow/Max,25.0
ACC - Rain -Mahurangi @ Warkworth Sewage Treatment Plant,10mm Drought Alarm,644626_10mm Drought Alarm,Overflow/Max,0.99
ACC - Rain -Mahurangi @ Warkworth Sewage Treatment Plant,Rainfall 12 hr window sum,644626_threshold_alarm,Overflow/Max,70.0
ACC - Rain -Mahurangi @ Warkworth Sewage Treatment Plant,Max TP108 ARI,ARI Max Threshold,Overflow/Max,5.0
ACC - Rain -Mahurangi @ Warkworth Sewage Treatment Plant,Rainfall 6 hr window sum,644626_threshold_alarm,Overflow/Max,50.0
ACC - Rain -Mahurangi @ Warkworth Sewage Treatment Plant,Rainfall 24 hr window sum,644626_threshold_alarm,Overflow/Max,100.0
ACC - Rain -Mahurangi @ Warkworth Sewage Treatment Plant,Rainfall 30 min window sum,644626_threshold_alarm_15mm,Overflow/Max,15.0
ACC - Rain -Mahurangi @ Warkworth Sewage Treatment Plant,Rainfall 30 second window sum,2.5 mm,Overflow/Max,2.49
ACC - Rain -Mahurangi @ Warkworth Sewage Treatment Plant,Rainfall 60 min window sum - Mirror,1 hour Accumulated Threshold,Overflow/Max,15.0
ACC - Rain - Takapuna Rain @ Library,Rainfall (primary),Data Recency (derived from telemeteredMaximumTime),Recency,9.73
ACC - Rain - Takapuna Rain @ Library,10mm Drought Alarm,647781_10mm Drought Alarm,Overflow/Max,0.99
ACC - Rain - Takapuna Rain @ Library,Rainfall 7 days window sum,647781_threshold_alarm,Overflow/Max,180.0
ACC - Rain - Takapuna Rain @ Library,Max TP108 ARI,ARI Max Threshold,Overflow/Max,5.0
ACC - Rain - Takapuna Rain @ Library,Rainfall 30 second window sum,2.5 mm,Overflow/Max,2.49
ACC - Rain - Omaha Rain @ Golf Course,Rainfall (primary),Data Recency (derived from telemeteredMaximumTime),Recency,9.73
ACC - Rain - Omaha Rain @ Golf Course,Rainfall 7 days window sum,Rain - Omaha Rain @ Golf Course_threshold_alarm,Overflow/Max,180.0
ACC - Rain - Omaha Rain @ Golf Course,10mm Drought Alarm,Rain - Omaha Rain @ Golf Course_10mm Drought Alarm,Overflow/Max,0.99
ACC - Rain - Omaha Rain @ Golf Course,Rainfall 24 hr window sum,Rain - Omaha Rain @ Golf Course_threshold_alarm,Overflow/Max,100.0
ACC - Rain - Omaha Rain @ Golf Course,Max TP108 ARI,ARI Max Threshold,Overflow/Max,5.0
ACC - Rain - Omaha Rain @ Golf Course,Rainfall 60 min window sum - Mirror,1 hour Accumulated Threshold,Overflow/Max,15.0
ACC - Rain - Omaha Rain @ Golf Course,Rainfall 30 second window sum,2.5 mm,Overflow/Max,2.49
ACC - Rain - Omaha Rain @ Golf Course,Rainfall 30 min window sum,Rain - Omaha Rain @ Golf Course_threshold_alarm_15mm,Overflow/Max,15.0
ACC - Rain - Omaha Rain @ Golf Course,Rainfall 60 min window sum,Rain - Omaha Rain @ Golf Course_threshold_alarm_15mm,Overflow/Max,25.0
ACC - Rain - Omaha Rain @ Golf Course,Rainfall 6 hr window sum,Rain - Omaha Rain @ Golf Course_threshold_alarm,Overflow/Max,50.0
ACC - Rain - Omaha Rain @ Golf Course,Rainfall 12 hr window sum,Rain - Omaha Rain @ Golf Course_threshold_alarm,Overflow/Max,70.0
ACC - Rain - RAWS @ GBI,Rainfall (primary),Data Recency (derived from telemeteredMaximumTime),Recency,9.73
ACC - Rain - RAWS @ GBI,10mm Drought Alarm,Rain - RAWS @ GBI_10mm Drought Alarm,Overflow/Max,0.99
ACC - Rain - RAWS @ GBI,Rainfall 7 days window sum,Rain - RAWS @ GBI_threshold_alarm,Overflow/Max,180.0
ACC - Rain - RAWS @ GBI,Rainfall 30 min window sum,Rain - RAWS @ GBI_threshold_alarm_15mm,Overflow/Max,15.0
ACC - Rain - RAWS @ GBI,Rainfall 6 hr window sum,Rain - RAWS @ GBI_threshold_alarm,Overflow/Max,50.0
ACC - Rain - RAWS @ GBI,Rainfall 60 min window sum,Rain - RAWS @ GBI_threshold_alarm_15mm,Overflow/Max,25.0
ACC - Rain - RAWS @ GBI,Rainfall 12 hr window sum,Rain - RAWS @ GBI_threshold_alarm,Overflow/Max,70.0
ACC - Rain - RAWS @ GBI,Rainfall 10 min window sum,Greater than 30mm in 10 minutes,Overflow/Max,30.0
ACC - Rain - RAWS @ GBI,Rainfall 60 min window sum - Mirror,1 hour Accumulated Threshold,Overflow/Max,15.0
ACC - Rain - RAWS @ GBI,Rainfall 24 hr window sum,Rain - RAWS @ GBI_threshold_alarm,Overflow/Max,100.0
ACC - Rain - Churchill Park Rainfall,Rainfall (primary),Data Recency (derived from telemeteredMaximumTime),Recency,9.73
ACC - Rain - Churchill Park Rainfall,10mm Drought Alarm,648816_10mm Drought Alarm,Overflow/Max,0.99
ACC - Rain - Churchill Park Rainfall,Rainfall 7 days window sum,648816_threshold_alarm,Overflow/Max,180.0
ACC - Rain - Churchill Park Rainfall,Rainfall 60 min window sum - Mirror,1 hour Accumulated Threshold,Overflow/Max,15.0
ACC - Rain - Churchill Park Rainfall,Rainfall 60 min window sum,648816_threshold_alarm,Overflow/Max,25.0
ACC - Rain - Churchill Park Rainfall,Rainfall 6 hr window sum,648816_threshold_alarm,Overflow/Max,50.0
ACC - Rain - Churchill Park Rainfall,Max TP108 ARI,ARI Max Threshold,Overflow/Max,5.0
ACC - Rain - Churchill Park Rainfall,Rainfall 30 min window sum,648816_threshold_alarm_15mm,Overflow/Max,15.0
ACC - Rain - Churchill Park Rainfall,Rainfall 24 hr window sum,648816_threshold_alarm,Overflow/Max,100.0
ACC - Rain - Churchill Park Rainfall,Rainfall 12 hr window sum,648816_threshold_alarm,Overflow/Max,70.0
ACC - Rain - Churchill Park Rainfall,Rainfall 30 second window sum,2.5 mm,Overflow/Max,2.49
ACC - Rain - Nihotupu @ Arataki Visitors Centre,Rainfall (primary),Data Recency (derived from telemeteredMaximumTime),Recency,9.64
ACC - Rain - Nihotupu @ Arataki Visitors Centre,10mm Drought Alarm,649514_10mm Drought Alarm,Overflow/Max,0.99
ACC - Rain - Nihotupu @ Arataki Visitors Centre,Rainfall 7 days window sum,649514_threshold_alarm,Overflow/Max,180.0
ACC - Rain - Nihotupu @ Arataki Visitors Centre,Rainfall 6 hr window sum,649514_threshold_alarm,Overflow/Max,50.0
ACC - Rain - Nihotupu @ Arataki Visitors Centre,Rainfall 12 hr window sum,649514_threshold_alarm,Overflow/Max,70.0
ACC - Rain - Nihotupu @ Arataki Visitors Centre,Rainfall 60 min window sum,649514_threshold_alarm,Overflow/Max,25.0
ACC - Rain - Nihotupu @ Arataki Visitors Centre,Rainfall 30 min window sum,649514_threshold_alarm_15mm,Overflow/Max,15.0
ACC - Rain - Nihotupu @ Arataki Visitors Centre,Rainfall 24 hr window sum,649514_threshold_alarm,Overflow/Max,100.0
ACC - Rain - Nihotupu @ Arataki Visitors Centre,Rainfall 30 second window sum,2.5 mm,Overflow/Max,2.49
ACC - Rain - Nihotupu @ Arataki Visitors Centre,Max TP108 ARI,ARI Max Threshold,Overflow/Max,5.0
ACC - Rain - Nihotupu @ Arataki Visitors Centre,Rainfall 60 min window sum - Mirror,1 hour Accumulated Threshold,Overflow/Max,15.0
ACC - Rain - Waituna @ Huia Filter Station,Rainfall (primary),Data Recency (derived from telemeteredMaximumTime),Recency,9.73
ACC - Rain - Waituna @ Huia Filter Station,10mm Drought Alarm,649641_10mm Drought Alarm,Overflow/Max,0.99
ACC - Rain - Waituna @ Huia Filter Station,Rainfall 7 days window sum,649641_threshold_alarm,Overflow/Max,180.0
ACC - Rain - Waituna @ Huia Filter Station,Rainfall 12 hr window sum,649641_threshold_alarm,Overflow/Max,70.0
ACC - Rain - Waituna @ Huia Filter Station,Max TP108 ARI,ARI Max Threshold,Overflow/Max,5.0
ACC - Rain - Waituna @ Huia Filter Station,Rainfall 60 min window sum,649641_threshold_alarm,Overflow/Max,25.0
ACC - Rain - Waituna @ Huia Filter Station,Rainfall 6 hr window sum,649641_threshold_alarm,Overflow/Max,50.0
ACC - Rain - Waituna @ Huia Filter Station,Rainfall 24 hr window sum,649641_threshold_alarm,Overflow/Max,100.0
ACC - Rain - Waituna @ Huia Filter Station,Rainfall 60 min window sum - Mirror,1 hour Accumulated Threshold,Overflow/Max,15.0
ACC - Rain - Waituna @ Huia Filter Station,Rainfall 30 second window sum,2.5 mm,Overflow/Max,2.49
ACC - Rain - Waituna @ Huia Filter Station,Rainfall 30 min window sum,649641_threshold_alarm_15mm,Overflow/Max,15.0
ACC - Rain - Manukau @ Sports Bowl,Rainfall (primary),Data Recency (derived from telemeteredMaximumTime),Recency,9.73
ACC - Rain - Manukau @ Sports Bowl,Rainfall 7 days window sum,649940_threshold_alarm,Overflow/Max,180.0
ACC - Rain - Manukau @ Sports Bowl,10mm Drought Alarm,649940_10mm Drought Alarm,Overflow/Max,0.99
ACC - Rain - Manukau @ Sports Bowl,Rainfall 30 second window sum,2.5 mm,Overflow/Max,2.49
ACC - Rain - Manukau @ Sports Bowl,Rainfall 6 hr window sum,649940_threshold_alarm,Overflow/Max,50.0
ACC - Rain - Manukau @ Sports Bowl,Max TP108 ARI,ARI Max Threshold,Overflow/Max,5.0
ACC - Rain - Manukau @ Sports Bowl,Rainfall 12 hr window sum,649940_threshold_alarm,Overflow/Max,70.0
ACC - Rain - Manukau @ Sports Bowl,Rainfall 30 min window sum,649940_threshold_alarm_15mm,Overflow/Max,15.0
ACC - Rain - Manukau @ Sports Bowl,Rainfall 60 min window sum,649940_threshold_alarm,Overflow/Max,25.0
ACC - Rain - Manukau @ Sports Bowl,Rainfall 60 min window sum - Mirror,1 hour Accumulated Threshold,Overflow/Max,15.0
ACC - Rain - Manukau @ Sports Bowl,Rainfall 24 hr window sum,649940_threshold_alarm,Overflow/Max,100.0
ACC - Rain - Clevedon Coast RAWS @ Forest,Rainfall (primary),Data Recency (derived from telemeteredMaximumTime),Recency,9.73
ACC - Rain - Clevedon Coast RAWS @ Forest,10mm Drought Alarm,659012_10mm Drought Alarm,Overflow/Max,0.99
ACC - Rain - Clevedon Coast RAWS @ Forest,Rainfall 7 days window sum,659012_threshold_alarm,Overflow/Max,180.0
ACC - Rain - Clevedon Coast RAWS @ Forest,Rainfall 30 min window sum,659012_threshold_alarm_15mm,Overflow/Max,15.0
ACC - Rain - Clevedon Coast RAWS @ Forest,Max TP108 ARI,ARI Max Threshold,Overflow/Max,5.0
ACC - Rain - Clevedon Coast RAWS @ Forest,Rainfall 60 min window sum - Mirror,1 hour Accumulated Threshold,Overflow/Max,15.0
ACC - Rain - Clevedon Coast RAWS @ Forest,Rainfall 10 min window sum,Greater than 30mm in 10 minutes,Overflow/Max,30.0
ACC - Rain - Clevedon Coast RAWS @ Forest,Rainfall 6 hr window sum,659012_threshold_alarm,Overflow/Max,50.0
ACC - Rain - Clevedon Coast RAWS @ Forest,Rainfall 12 hr window sum,659012_threshold_alarm,Overflow/Max,70.0
ACC - Rain - Clevedon Coast RAWS @ Forest,Rainfall 24 hr window sum,659012_threshold_alarm,Overflow/Max,100.0
ACC - Rain - Clevedon Coast RAWS @ Forest,Rainfall 60 min window sum,659012_threshold_alarm,Overflow/Max,25.0
ACC - Rain - Drury @ Turner Road,Rainfall (primary),Data Recency (derived from telemeteredMaximumTime),Recency,9.73
ACC - Rain - Drury @ Turner Road,Rainfall 7 days window sum,750901_threshold_alarm,Overflow/Max,180.0
ACC - Rain - Drury @ Turner Road,10mm Drought Alarm,750901_10mm Drought Alarm,Overflow/Max,0.99
ACC - Rain - Drury @ Turner Road,Rainfall 6 hr window sum,750901_threshold_alarm,Overflow/Max,50.0
ACC - Rain - Drury @ Turner Road,Rainfall 30 second window sum,2.5 mm,Overflow/Max,2.49
ACC - Rain - Drury @ Turner Road,Rainfall 60 min window sum - Mirror,1 hour Accumulated Threshold,Overflow/Max,15.0
ACC - Rain - Drury @ Turner Road,Rainfall 24 hr window sum,750901_threshold_alarm,Overflow/Max,100.0
ACC - Rain - Drury @ Turner Road,Rainfall 30 min window sum,750901_threshold_alarm_15mm,Overflow/Max,15.0
ACC - Rain - Drury @ Turner Road,Rainfall 60 min window sum,750901_threshold_alarm,Overflow/Max,25.0
ACC - Rain - Drury @ Turner Road,Rainfall 12 hr window sum,750901_threshold_alarm,Overflow/Max,70.0
ACC - Rain - Drury @ Turner Road,Max TP108 ARI,ARI Max Threshold,Overflow/Max,5.0
ACC - Rain - Mangere Rainfall,Rainfall (primary),Data Recency (derived from telemeteredMaximumTime),Recency,9.64
ACC - Rain - Mangere Rainfall,Rainfall 7 days window sum,648701_threshold_alarm,Overflow/Max,180.0
ACC - Rain - Mangere Rainfall,10mm Drought Alarm,648701_10mm Drought Alarm,Overflow/Max,0.99
ACC - Rain - Mangere Rainfall,Rainfall 60 min window sum - Mirror,1 hour Accumulated Threshold,Overflow/Max,15.0
ACC - Rain - Mangere Rainfall,Max TP108 ARI,ARI Max Threshold,Overflow/Max,5.0
ACC - Rain - Mangere Rainfall,Rainfall 24 hr window sum,648701_threshold_alarm,Overflow/Max,100.0
ACC - Rain - Mangere Rainfall,Rainfall 30 min window sum,648701_threshold_alarm_15mm,Overflow/Max,15.0
ACC - Rain - Mangere Rainfall,Rainfall 30 second window sum,2.5 mm,Overflow/Max,2.49
ACC - Rain - Mangere Rainfall,Rainfall 60 min window sum,648701_threshold_alarm_15mm,Overflow/Max,25.0
ACC - Rain - Mangere Rainfall,Rainfall 12 hr window sum,648701_threshold_alarm,Overflow/Max,70.0
ACC - Rain - Mangere Rainfall,Rainfall 6 hr window sum,648701_threshold_alarm,Overflow/Max,50.0
ACC - Rain - Whangaparaoa Rainfall,Rainfall (primary),Data Recency (derived from telemeteredMaximumTime),Recency,9.64
ACC - Rain - Whangaparaoa Rainfall,10mm Drought Alarm,646813_10mm Drought Alarm,Overflow/Max,0.99
ACC - Rain - Whangaparaoa Rainfall,Rainfall 7 days window sum,646813_threshold_alarm,Overflow/Max,180.0
ACC - Rain - Whangaparaoa Rainfall,Rainfall 60 min window sum - Mirror,1 hour Accumulated Threshold,Overflow/Max,15.0
ACC - Rain - Whangaparaoa Rainfall,Rainfall 24 hr window sum,646813_threshold_alarm,Overflow/Max,100.0
ACC - Rain - Whangaparaoa Rainfall,Rainfall 6 hr window sum,646813_threshold_alarm,Overflow/Max,50.0
ACC - Rain - Whangaparaoa Rainfall,Rainfall 30 min window sum,646813_threshold_alarm_15mm,Overflow/Max,15.0
ACC - Rain - Whangaparaoa Rainfall,Rainfall 60 min window sum,646813_threshold_alarm_15mm,Overflow/Max,25.0
ACC - Rain - Whangaparaoa Rainfall,Max TP108 ARI,ARI Max Threshold,Overflow/Max,5.0
ACC - Rain - Whangaparaoa Rainfall,Rainfall 12 hr window sum,646813_threshold_alarm,Overflow/Max,70.0
ACC - Rain - Whangaparaoa Rainfall,Rainfall 30 second window sum,2.5 mm,Overflow/Max,2.49
ACC - Rain - Piha Rangers Shed Rainfall,Rainfall (primary),Data Recency (derived from telemeteredMaximumTime),Recency,9.73
ACC - Rain - Piha Rangers Shed Rainfall,Rainfall 7 days window sum,649528_threshold_alarm,Overflow/Max,180.0
ACC - Rain - Piha Rangers Shed Rainfall,10mm Drought Alarm,649528_10mm Drought Alarm,Overflow/Max,0.99
ACC - Rain - Piha Rangers Shed Rainfall,Max TP108 ARI,ARI Max Threshold,Overflow/Max,5.0
ACC - Rain - Piha Rangers Shed Rainfall,Rainfall 24 hr window sum,649528_threshold_alarm,Overflow/Max,100.0
ACC - Rain - Piha Rangers Shed Rainfall,Rainfall 12 hr window sum,649528_threshold_alarm,Overflow/Max,70.0
ACC - Rain - Piha Rangers Shed Rainfall,Rainfall 30 second window sum,2.5 mm,Overflow/Max,2.49
ACC - Rain - Piha Rangers Shed Rainfall,Rainfall 6 hr window sum,649528_threshold_alarm,Overflow/Max,50.0
ACC - Rain - Piha Rangers Shed Rainfall,Rainfall 60 min window sum,649528_threshold_alarm_15mm,Overflow/Max,25.0
ACC - Rain - Piha Rangers Shed Rainfall,Rainfall 30 min window sum,649528_threshold_alarm_15mm,Overflow/Max,15.0
ACC - Rain - Piha Rangers Shed Rainfall,Rainfall 60 min window sum - Mirror,1 hour Accumulated Threshold,Overflow/Max,15.0
ACC - Rain - Tomarata @ Briens Farm,Rainfall (primary),Data Recency (derived from telemeteredMaximumTime),Recency,9.73
ACC - Rain - Tomarata @ Briens Farm,10mm Drought Alarm,64068001_10mm Drought Alarm,Overflow/Max,0.99
ACC - Rain - Tomarata @ Briens Farm,Max TP108 ARI,ARI Max Threshold,Overflow/Max,5.0
ACC - Rain - Tomarata @ Briens Farm,Rainfall 7 days window sum,64068001_threshold_alarm,Overflow/Max,180.0
ACC - Rain - Tomarata @ Briens Farm,Rainfall 30 second window sum,2.5 mm,Overflow/Max,2.49
ACC - Rain - Piha Wetlands,Rainfall (primary),Data Recency (derived from telemeteredMaximumTime),Recency,9.73
ACC - Rain - Piha Wetlands,Rainfall 7 days window sum,649527_threshold_alarm,Overflow/Max,180.0
ACC - Rain - Piha Wetlands,Max TP108 ARI,ARI Max Threshold,Overflow/Max,5.0
ACC - Rain - Piha Wetlands,10mm Drought Alarm,649527_10mm Drought Alarm,Overflow/Max,0.99
ACC - Rain - Piha Wetlands,Rainfall 30 second window sum,2.5 mm,Overflow/Max,2.49
ACC - Rain - Mangemangeroa @ Reserve,Rainfall (primary),Data Recency (derived from telemeteredMaximumTime),Recency,9.73
ACC - Rain - Mangemangeroa @ Reserve,Rainfall 7 days window sum,649941_threshold_alarm,Overflow/Max,180.0
ACC - Rain - Mangemangeroa @ Reserve,Max TP108 ARI,ARI Max Threshold,Overflow/Max,5.0
ACC - Rain - Mangemangeroa @ Reserve,10mm Drought Alarm,649941_10mm Drought Alarm,Overflow/Max,0.99
ACC - Rain - Mangemangeroa @ Reserve,Rainfall 30 second window sum,2.5 mm,Overflow/Max,2.49
ACC - Rain - Puhinui @ Botanical Gardens,Rainfall (primary),Data Recency (derived from telemeteredMaximumTime),Recency,9.73
ACC - Rain - Puhinui @ Botanical Gardens,Rainfall 7 days window sum,740945_threshold_alarm,Overflow/Max,180.0
ACC - Rain - Puhinui @ Botanical Gardens,10mm Drought Alarm,740945_10mm Drought Alarm,Overflow/Max,0.99
ACC - Rain - Puhinui @ Botanical Gardens,Max TP108 ARI,ARI Max Threshold,Overflow/Max,5.0
ACC - Rain - Puhinui @ Botanical Gardens,Rainfall 30 second window sum,2.5 mm,Overflow/Max,2.49
ACC - Rain - Karaka @ Walters Road,Rainfall (primary),Data Recency (derived from telemeteredMaximumTime),Recency,9.64
ACC - Rain - Karaka @ Walters Road,Rainfall 7 days window sum,741815_threshold_alarm,Overflow/Max,180.0
ACC - Rain - Karaka @ Walters Road,10mm Drought Alarm,741815_10mm Drought Alarm,Overflow/Max,0.99
ACC - Rain - Karaka @ Walters Road,Rainfall 30 second window sum,2.5 mm,Overflow/Max,2.49
ACC - Rain - Karaka @ Walters Road,Max TP108 ARI,ARI Max Threshold,Overflow/Max,5.0
ACC - Rain - Mauku RAWS @ Mauku,Rainfall (primary),Data Recency (derived from telemeteredMaximumTime),Recency,9.73
ACC - Rain - Mauku RAWS @ Mauku,10mm Drought Alarm,742824_10mm Drought Alarm,Overflow/Max,0.99
ACC - Rain - Mauku RAWS @ Mauku,Max TP108 ARI,ARI Max Threshold,Overflow/Max,5.0
ACC - Rain - Mauku RAWS @ Mauku,Rainfall 7 days window sum,742824_threshold_alarm,Overflow/Max,180.0
ACC - Rain - Mauku RAWS @ Mauku,Rainfall 10 min window sum,Greater than 30mm in 10 minutes,Overflow/Max,30.0
ACC - Rain - Clarks Beach @ Golf Course,Rainfall (primary),Data Recency (derived from telemeteredMaximumTime),Recency,9.73
ACC - Rain - Clarks Beach @ Golf Course,10mm Drought Alarm,741712_10mm Drought Alarm,Overflow/Max,0.99
ACC - Rain - Clarks Beach @ Golf Course,Rainfall 7 days window sum,741712_threshold_alarm,Overflow/Max,180.0
ACC - Rain - Clarks Beach @ Golf Course,Max TP108 ARI,ARI Max Threshold,Overflow/Max,5.0
ACC - Rain - Clarks Beach @ Golf Course,Rainfall 30 second window sum,2.5 mm,Overflow/Max,2.49
ACC - Rain - Pakuranga @ College,Rainfall (primary),Data Recency (derived from telemeteredMaximumTime),Recency,9.73
ACC - Rain - Pakuranga @ College,10mm Drought Alarm,649843_10mm Drought Alarm,Overflow/Max,0.99
ACC - Rain - Pakuranga @ College,Rainfall 7 days window sum,649843_threshold_alarm,Overflow/Max,180.0
ACC - Rain - Pakuranga @ College,Rainfall 12 hr window sum,649843_threshold_alarm,Overflow/Max,70.0
ACC - Rain - Pakuranga @ College,Rainfall 60 min window sum,649843_threshold_alarm,Overflow/Max,25.0
ACC - Rain - Pakuranga @ College,Rainfall 24 hr window sum,649843_threshold_alarm,Overflow/Max,100.0
ACC - Rain - Pakuranga @ College,Rainfall 60 min window sum - Mirror,1 hour Accumulated Threshold,Overflow/Max,15.0
ACC - Rain - Pakuranga @ College,Rainfall 30 min window sum,649843_threshold_alarm_15mm,Overflow/Max,15.0
ACC - Rain - Pakuranga @ College,Rainfall 6 hr window sum,649843_threshold_alarm,Overflow/Max,50.0
Mangere @ Greenwood Road,Rainfall (primary),Data Recency (derived from telemeteredMaximumTime),Recency,9.73
ACC - Rain - Oteha @ WWTP (Watercare),Rainfall (primary),Data Recency (derived from telemeteredMaximumTime),Recency,9.73
